/*
 Navicat MySQL Data Transfer

 Source Server         : localhost_3306
 Source Server Type    : MySQL
 Source Server Version : 80016
 Source Host           : localhost:3306
 Source Schema         : db_caigoumall

 Target Server Type    : MySQL
 Target Server Version : 80016
 File Encoding         : 65001

 Date: 19/04/2022 18:23:46
*/

SET NAMES utf8mb4;
SET FOREIGN_KEY_CHECKS = 0;

-- ----------------------------
-- Table structure for tb_category
-- ----------------------------
DROP TABLE IF EXISTS `tb_category`;
CREATE TABLE `tb_category`  (
  `category_id` int(11) NOT NULL AUTO_INCREMENT COMMENT '主键 分类id主键',
  `category_name` varchar(32) CHARACTER SET utf8 COLLATE utf8_general_ci NOT NULL COMMENT '分类名称',
  `category_level` int(11) NOT NULL COMMENT '分类层级 分类得类型，\n1:一级大分类\n2:二级分类\n3:三级小分类',
  `parent_id` int(11) NOT NULL COMMENT '父层级id 父id 上一级依赖的id，1级分类则为0，二级三级分别依赖上一级',
  `category_icon` varchar(64) CHARACTER SET utf8 COLLATE utf8_general_ci DEFAULT NULL COMMENT '图标 logo',
  `category_slogan` varchar(64) CHARACTER SET utf8 COLLATE utf8_general_ci DEFAULT NULL COMMENT '口号',
  `category_pic` varchar(64) CHARACTER SET utf8 COLLATE utf8_general_ci DEFAULT NULL COMMENT '分类图',
  `category_bg_color` varchar(32) CHARACTER SET utf8 COLLATE utf8_general_ci DEFAULT NULL COMMENT '背景颜色',
  `create_time` datetime(0) DEFAULT NULL COMMENT '创建时间',
  `update_time` datetime(0) DEFAULT NULL COMMENT '更新时间',
  PRIMARY KEY (`category_id`) USING BTREE
) ENGINE = InnoDB CHARACTER SET = utf8 COLLATE = utf8_general_ci COMMENT = '商品分类' ROW_FORMAT = Compact;

-- ----------------------------
-- Records of tb_category
-- ----------------------------
INSERT INTO `tb_category` VALUES (1, '点心/蛋糕', 1, 0, 'cake.png', '每一道甜品都有一个故事', 'act1.png', 'black', NULL, NULL);
INSERT INTO `tb_category` VALUES (2, '饼干/膨化', 1, 0, 'cookies.png', '嘎嘎好吃的优选饼干！', 'act2.png', 'black', NULL, NULL);
INSERT INTO `tb_category` VALUES (3, '熟食/肉类', 1, 0, 'meat.png', 'nice！nice！nice！', 'act3.png', 'black', NULL, NULL);
INSERT INTO `tb_category` VALUES (4, '素食/卤味', 1, 0, 'bamboo.png', NULL, 'act1.png', 'black', NULL, NULL);
INSERT INTO `tb_category` VALUES (5, '坚果/炒货', 1, 0, 'nut.png', '酥酥脆脆，回味无穷', 'act2.png', 'black', NULL, NULL);
INSERT INTO `tb_category` VALUES (6, '糖果/蜜饯', 1, 0, 'candy.png', NULL, 'act3.png', 'black', NULL, NULL);
INSERT INTO `tb_category` VALUES (7, '巧克力', 1, 0, 'chocolate.png', NULL, 'act1.png', 'black', NULL, NULL);
INSERT INTO `tb_category` VALUES (8, '海味/河鲜', 1, 0, 'fish.png', NULL, 'act2.png', 'black', NULL, NULL);
INSERT INTO `tb_category` VALUES (9, '花茶/果茶', 1, 0, 'tea.png', '健康快乐每一天', 'act3.png', 'black', NULL, NULL);
INSERT INTO `tb_category` VALUES (10, '品牌/礼包', 1, 0, 'package.png', '每日一个小惊喜', 'act1.png', 'black', NULL, NULL);
INSERT INTO `tb_category` VALUES (11, '蛋糕', 2, 1, NULL, NULL, NULL, NULL, NULL, NULL);
INSERT INTO `tb_category` VALUES (12, '点心', 2, 1, NULL, NULL, NULL, NULL, NULL, NULL);
INSERT INTO `tb_category` VALUES (13, '饼干', 2, 2, NULL, NULL, NULL, NULL, NULL, NULL);
INSERT INTO `tb_category` VALUES (14, '薯片', 2, 2, NULL, NULL, NULL, NULL, NULL, NULL);
INSERT INTO `tb_category` VALUES (15, '虾条', 2, 2, NULL, NULL, NULL, NULL, NULL, NULL);
INSERT INTO `tb_category` VALUES (16, '猪肉脯', 2, 3, NULL, NULL, NULL, NULL, NULL, NULL);
INSERT INTO `tb_category` VALUES (17, '牛肉丝', 2, 3, NULL, NULL, NULL, NULL, NULL, NULL);
INSERT INTO `tb_category` VALUES (18, '小香肠', 2, 3, NULL, NULL, NULL, NULL, NULL, NULL);
INSERT INTO `tb_category` VALUES (19, '豆干', 2, 4, NULL, NULL, NULL, NULL, NULL, NULL);
INSERT INTO `tb_category` VALUES (20, '干笋', 2, 4, NULL, NULL, NULL, NULL, NULL, NULL);
INSERT INTO `tb_category` VALUES (21, '鸭脖', 2, 4, NULL, NULL, NULL, NULL, NULL, NULL);
INSERT INTO `tb_category` VALUES (22, '坚果', 2, 5, NULL, NULL, NULL, NULL, NULL, NULL);
INSERT INTO `tb_category` VALUES (23, '锅巴', 2, 5, NULL, NULL, NULL, NULL, NULL, NULL);
INSERT INTO `tb_category` VALUES (24, '糖果', 2, 6, NULL, NULL, NULL, NULL, NULL, NULL);
INSERT INTO `tb_category` VALUES (25, '蜜饯', 2, 6, NULL, NULL, NULL, NULL, NULL, NULL);
INSERT INTO `tb_category` VALUES (26, '巧克力', 2, 7, NULL, NULL, NULL, NULL, NULL, NULL);
INSERT INTO `tb_category` VALUES (27, '果冻', 2, 7, NULL, NULL, NULL, NULL, NULL, NULL);
INSERT INTO `tb_category` VALUES (28, '海带丝', 2, 8, NULL, NULL, NULL, NULL, NULL, NULL);
INSERT INTO `tb_category` VALUES (29, '小鱼干', 2, 8, NULL, NULL, NULL, NULL, NULL, NULL);
INSERT INTO `tb_category` VALUES (30, '鱿鱼丝', 2, 8, NULL, NULL, NULL, NULL, NULL, NULL);
INSERT INTO `tb_category` VALUES (31, '花茶', 2, 9, NULL, NULL, NULL, NULL, NULL, NULL);
INSERT INTO `tb_category` VALUES (32, '果茶', 2, 9, NULL, NULL, NULL, NULL, NULL, NULL);
INSERT INTO `tb_category` VALUES (33, '品牌套餐', 2, 10, NULL, NULL, NULL, NULL, NULL, NULL);
INSERT INTO `tb_category` VALUES (34, '活动礼包', 2, 10, NULL, NULL, NULL, NULL, NULL, NULL);
INSERT INTO `tb_category` VALUES (35, '蒸蛋糕', 3, 11, NULL, NULL, NULL, NULL, NULL, NULL);
INSERT INTO `tb_category` VALUES (36, '脱水蛋糕', 3, 11, NULL, NULL, NULL, NULL, NULL, NULL);
INSERT INTO `tb_category` VALUES (37, '瑞士卷', 3, 11, NULL, NULL, NULL, NULL, NULL, NULL);
INSERT INTO `tb_category` VALUES (38, '软面包', 3, 11, NULL, NULL, NULL, NULL, NULL, NULL);
INSERT INTO `tb_category` VALUES (39, '马卡龙', 3, 11, NULL, NULL, NULL, NULL, NULL, NULL);
INSERT INTO `tb_category` VALUES (40, '千层饼', 3, 11, NULL, NULL, NULL, NULL, NULL, NULL);
INSERT INTO `tb_category` VALUES (41, '甜甜圈', 3, 11, NULL, NULL, NULL, NULL, NULL, NULL);
INSERT INTO `tb_category` VALUES (42, '蒸三明治', 3, 11, NULL, NULL, NULL, NULL, NULL, NULL);
INSERT INTO `tb_category` VALUES (43, '铜锣烧', 3, 11, NULL, NULL, NULL, NULL, NULL, NULL);
INSERT INTO `tb_category` VALUES (44, '华夫饼', 3, 12, NULL, NULL, NULL, NULL, NULL, NULL);
INSERT INTO `tb_category` VALUES (45, '老婆饼', 3, 12, NULL, NULL, NULL, NULL, NULL, NULL);
INSERT INTO `tb_category` VALUES (49, '膨化虾条', 3, 15, NULL, NULL, NULL, NULL, NULL, NULL);
INSERT INTO `tb_category` VALUES (50, '油炸虾条', 3, 15, NULL, NULL, NULL, NULL, NULL, NULL);
INSERT INTO `tb_category` VALUES (51, '海鲜虾条', 3, 15, NULL, NULL, NULL, NULL, NULL, NULL);
INSERT INTO `tb_category` VALUES (54, '威化饼干', 3, 13, NULL, NULL, NULL, NULL, NULL, NULL);
INSERT INTO `tb_category` VALUES (55, '夹心饼干', 3, 13, NULL, NULL, NULL, NULL, NULL, NULL);
INSERT INTO `tb_category` VALUES (57, '早餐饼干', 3, 13, NULL, NULL, NULL, NULL, NULL, NULL);
INSERT INTO `tb_category` VALUES (58, '粗粮饼干', 3, 13, '', NULL, NULL, NULL, NULL, NULL);
INSERT INTO `tb_category` VALUES (59, '经典薯片', 3, 14, NULL, NULL, NULL, NULL, NULL, NULL);
INSERT INTO `tb_category` VALUES (60, '空心薯片', 3, 14, NULL, NULL, NULL, NULL, NULL, NULL);
INSERT INTO `tb_category` VALUES (61, '非油炸薯片', 3, 14, NULL, NULL, NULL, NULL, NULL, NULL);

-- ----------------------------
-- Table structure for tb_dict_district
-- ----------------------------
DROP TABLE IF EXISTS `tb_dict_district`;
CREATE TABLE `tb_dict_district`  (
  `id` int(11) NOT NULL AUTO_INCREMENT,
  `parent` varchar(6) CHARACTER SET utf8 COLLATE utf8_general_ci DEFAULT NULL,
  `code` varchar(6) CHARACTER SET utf8 COLLATE utf8_general_ci DEFAULT NULL,
  `name` varchar(16) CHARACTER SET utf8 COLLATE utf8_general_ci DEFAULT NULL,
  PRIMARY KEY (`id`) USING BTREE
) ENGINE = InnoDB AUTO_INCREMENT = 3523 CHARACTER SET = utf8 COLLATE = utf8_general_ci COMMENT = '地区字典' ROW_FORMAT = Dynamic;

-- ----------------------------
-- Records of tb_dict_district
-- ----------------------------
INSERT INTO `tb_dict_district` VALUES (1, '110100', '110101', '东城区');
INSERT INTO `tb_dict_district` VALUES (2, '110100', '110102', '西城区');
INSERT INTO `tb_dict_district` VALUES (3, '110100', '110103', '崇文区');
INSERT INTO `tb_dict_district` VALUES (4, '110100', '110104', '宣武区');
INSERT INTO `tb_dict_district` VALUES (5, '110100', '110105', '朝阳区');
INSERT INTO `tb_dict_district` VALUES (6, '110100', '110106', '丰台区');
INSERT INTO `tb_dict_district` VALUES (7, '110100', '110107', '石景山区');
INSERT INTO `tb_dict_district` VALUES (8, '110100', '110108', '海淀区');
INSERT INTO `tb_dict_district` VALUES (9, '110100', '110109', '门头沟区');
INSERT INTO `tb_dict_district` VALUES (10, '110100', '110111', '房山区');
INSERT INTO `tb_dict_district` VALUES (11, '110100', '110112', '通州区');
INSERT INTO `tb_dict_district` VALUES (12, '110100', '110113', '顺义区');
INSERT INTO `tb_dict_district` VALUES (13, '110100', '110114', '昌平区');
INSERT INTO `tb_dict_district` VALUES (14, '110100', '110115', '大兴区');
INSERT INTO `tb_dict_district` VALUES (15, '110100', '110116', '怀柔区');
INSERT INTO `tb_dict_district` VALUES (16, '110100', '110117', '平谷区');
INSERT INTO `tb_dict_district` VALUES (17, '110200', '110228', '密云县');
INSERT INTO `tb_dict_district` VALUES (18, '110200', '110229', '延庆县');
INSERT INTO `tb_dict_district` VALUES (19, '120100', '120101', '和平区');
INSERT INTO `tb_dict_district` VALUES (20, '120100', '120102', '河东区');
INSERT INTO `tb_dict_district` VALUES (21, '120100', '120103', '河西区');
INSERT INTO `tb_dict_district` VALUES (22, '120100', '120104', '南开区');
INSERT INTO `tb_dict_district` VALUES (23, '120100', '120105', '河北区');
INSERT INTO `tb_dict_district` VALUES (24, '120100', '120106', '红桥区');
INSERT INTO `tb_dict_district` VALUES (25, '120100', '120107', '塘沽区');
INSERT INTO `tb_dict_district` VALUES (26, '120100', '120108', '汉沽区');
INSERT INTO `tb_dict_district` VALUES (27, '120100', '120109', '大港区');
INSERT INTO `tb_dict_district` VALUES (28, '120100', '120110', '东丽区');
INSERT INTO `tb_dict_district` VALUES (29, '120100', '120111', '西青区');
INSERT INTO `tb_dict_district` VALUES (30, '120100', '120112', '津南区');
INSERT INTO `tb_dict_district` VALUES (31, '120100', '120113', '北辰区');
INSERT INTO `tb_dict_district` VALUES (32, '120100', '120114', '武清区');
INSERT INTO `tb_dict_district` VALUES (33, '120100', '120115', '宝坻区');
INSERT INTO `tb_dict_district` VALUES (34, '120200', '120221', '宁河县');
INSERT INTO `tb_dict_district` VALUES (35, '120200', '120223', '静海县');
INSERT INTO `tb_dict_district` VALUES (36, '120200', '120225', '蓟　县');
INSERT INTO `tb_dict_district` VALUES (37, '130100', '130101', '市辖区');
INSERT INTO `tb_dict_district` VALUES (38, '130100', '130102', '长安区');
INSERT INTO `tb_dict_district` VALUES (39, '130100', '130103', '桥东区');
INSERT INTO `tb_dict_district` VALUES (40, '130100', '130104', '桥西区');
INSERT INTO `tb_dict_district` VALUES (41, '130100', '130105', '新华区');
INSERT INTO `tb_dict_district` VALUES (42, '130100', '130107', '井陉矿区');
INSERT INTO `tb_dict_district` VALUES (43, '130100', '130108', '裕华区');
INSERT INTO `tb_dict_district` VALUES (44, '130100', '130121', '井陉县');
INSERT INTO `tb_dict_district` VALUES (45, '130100', '130123', '正定县');
INSERT INTO `tb_dict_district` VALUES (46, '130100', '130124', '栾城县');
INSERT INTO `tb_dict_district` VALUES (47, '130100', '130125', '行唐县');
INSERT INTO `tb_dict_district` VALUES (48, '130100', '130126', '灵寿县');
INSERT INTO `tb_dict_district` VALUES (49, '130100', '130127', '高邑县');
INSERT INTO `tb_dict_district` VALUES (50, '130100', '130128', '深泽县');
INSERT INTO `tb_dict_district` VALUES (51, '130100', '130129', '赞皇县');
INSERT INTO `tb_dict_district` VALUES (52, '130100', '130130', '无极县');
INSERT INTO `tb_dict_district` VALUES (53, '130100', '130131', '平山县');
INSERT INTO `tb_dict_district` VALUES (54, '130100', '130132', '元氏县');
INSERT INTO `tb_dict_district` VALUES (55, '130100', '130133', '赵　县');
INSERT INTO `tb_dict_district` VALUES (56, '130100', '130181', '辛集市');
INSERT INTO `tb_dict_district` VALUES (57, '130100', '130182', '藁城市');
INSERT INTO `tb_dict_district` VALUES (58, '130100', '130183', '晋州市');
INSERT INTO `tb_dict_district` VALUES (59, '130100', '130184', '新乐市');
INSERT INTO `tb_dict_district` VALUES (60, '130100', '130185', '鹿泉市');
INSERT INTO `tb_dict_district` VALUES (61, '130200', '130201', '市辖区');
INSERT INTO `tb_dict_district` VALUES (62, '130200', '130202', '路南区');
INSERT INTO `tb_dict_district` VALUES (63, '130200', '130203', '路北区');
INSERT INTO `tb_dict_district` VALUES (64, '130200', '130204', '古冶区');
INSERT INTO `tb_dict_district` VALUES (65, '130200', '130205', '开平区');
INSERT INTO `tb_dict_district` VALUES (66, '130200', '130207', '丰南区');
INSERT INTO `tb_dict_district` VALUES (67, '130200', '130208', '丰润区');
INSERT INTO `tb_dict_district` VALUES (68, '130200', '130223', '滦　县');
INSERT INTO `tb_dict_district` VALUES (69, '130200', '130224', '滦南县');
INSERT INTO `tb_dict_district` VALUES (70, '130200', '130225', '乐亭县');
INSERT INTO `tb_dict_district` VALUES (71, '130200', '130227', '迁西县');
INSERT INTO `tb_dict_district` VALUES (72, '130200', '130229', '玉田县');
INSERT INTO `tb_dict_district` VALUES (73, '130200', '130230', '唐海县');
INSERT INTO `tb_dict_district` VALUES (74, '130200', '130281', '遵化市');
INSERT INTO `tb_dict_district` VALUES (75, '130200', '130283', '迁安市');
INSERT INTO `tb_dict_district` VALUES (76, '130300', '130301', '市辖区');
INSERT INTO `tb_dict_district` VALUES (77, '130300', '130302', '海港区');
INSERT INTO `tb_dict_district` VALUES (78, '130300', '130303', '山海关区');
INSERT INTO `tb_dict_district` VALUES (79, '130300', '130304', '北戴河区');
INSERT INTO `tb_dict_district` VALUES (80, '130300', '130321', '青龙满族自治县');
INSERT INTO `tb_dict_district` VALUES (81, '130300', '130322', '昌黎县');
INSERT INTO `tb_dict_district` VALUES (82, '130300', '130323', '抚宁县');
INSERT INTO `tb_dict_district` VALUES (83, '130300', '130324', '卢龙县');
INSERT INTO `tb_dict_district` VALUES (84, '130400', '130401', '市辖区');
INSERT INTO `tb_dict_district` VALUES (85, '130400', '130402', '邯山区');
INSERT INTO `tb_dict_district` VALUES (86, '130400', '130403', '丛台区');
INSERT INTO `tb_dict_district` VALUES (87, '130400', '130404', '复兴区');
INSERT INTO `tb_dict_district` VALUES (88, '130400', '130406', '峰峰矿区');
INSERT INTO `tb_dict_district` VALUES (89, '130400', '130421', '邯郸县');
INSERT INTO `tb_dict_district` VALUES (90, '130400', '130423', '临漳县');
INSERT INTO `tb_dict_district` VALUES (91, '130400', '130424', '成安县');
INSERT INTO `tb_dict_district` VALUES (92, '130400', '130425', '大名县');
INSERT INTO `tb_dict_district` VALUES (93, '130400', '130426', '涉　县');
INSERT INTO `tb_dict_district` VALUES (94, '130400', '130427', '磁　县');
INSERT INTO `tb_dict_district` VALUES (95, '130400', '130428', '肥乡县');
INSERT INTO `tb_dict_district` VALUES (96, '130400', '130429', '永年县');
INSERT INTO `tb_dict_district` VALUES (97, '130400', '130430', '邱　县');
INSERT INTO `tb_dict_district` VALUES (98, '130400', '130431', '鸡泽县');
INSERT INTO `tb_dict_district` VALUES (99, '130400', '130432', '广平县');
INSERT INTO `tb_dict_district` VALUES (100, '130400', '130433', '馆陶县');
INSERT INTO `tb_dict_district` VALUES (101, '130400', '130434', '魏　县');
INSERT INTO `tb_dict_district` VALUES (102, '130400', '130435', '曲周县');
INSERT INTO `tb_dict_district` VALUES (103, '130400', '130481', '武安市');
INSERT INTO `tb_dict_district` VALUES (104, '130500', '130501', '市辖区');
INSERT INTO `tb_dict_district` VALUES (105, '130500', '130502', '桥东区');
INSERT INTO `tb_dict_district` VALUES (106, '130500', '130503', '桥西区');
INSERT INTO `tb_dict_district` VALUES (107, '130500', '130521', '邢台县');
INSERT INTO `tb_dict_district` VALUES (108, '130500', '130522', '临城县');
INSERT INTO `tb_dict_district` VALUES (109, '130500', '130523', '内丘县');
INSERT INTO `tb_dict_district` VALUES (110, '130500', '130524', '柏乡县');
INSERT INTO `tb_dict_district` VALUES (111, '130500', '130525', '隆尧县');
INSERT INTO `tb_dict_district` VALUES (112, '130500', '130526', '任　县');
INSERT INTO `tb_dict_district` VALUES (113, '130500', '130527', '南和县');
INSERT INTO `tb_dict_district` VALUES (114, '130500', '130528', '宁晋县');
INSERT INTO `tb_dict_district` VALUES (115, '130500', '130529', '巨鹿县');
INSERT INTO `tb_dict_district` VALUES (116, '130500', '130530', '新河县');
INSERT INTO `tb_dict_district` VALUES (117, '130500', '130531', '广宗县');
INSERT INTO `tb_dict_district` VALUES (118, '130500', '130532', '平乡县');
INSERT INTO `tb_dict_district` VALUES (119, '130500', '130533', '威　县');
INSERT INTO `tb_dict_district` VALUES (120, '130500', '130534', '清河县');
INSERT INTO `tb_dict_district` VALUES (121, '130500', '130535', '临西县');
INSERT INTO `tb_dict_district` VALUES (122, '130500', '130581', '南宫市');
INSERT INTO `tb_dict_district` VALUES (123, '130500', '130582', '沙河市');
INSERT INTO `tb_dict_district` VALUES (124, '130600', '130601', '市辖区');
INSERT INTO `tb_dict_district` VALUES (125, '130600', '130602', '新市区');
INSERT INTO `tb_dict_district` VALUES (126, '130600', '130603', '北市区');
INSERT INTO `tb_dict_district` VALUES (127, '130600', '130604', '南市区');
INSERT INTO `tb_dict_district` VALUES (128, '130600', '130621', '满城县');
INSERT INTO `tb_dict_district` VALUES (129, '130600', '130622', '清苑县');
INSERT INTO `tb_dict_district` VALUES (130, '130600', '130623', '涞水县');
INSERT INTO `tb_dict_district` VALUES (131, '130600', '130624', '阜平县');
INSERT INTO `tb_dict_district` VALUES (132, '130600', '130625', '徐水县');
INSERT INTO `tb_dict_district` VALUES (133, '130600', '130626', '定兴县');
INSERT INTO `tb_dict_district` VALUES (134, '130600', '130627', '唐　县');
INSERT INTO `tb_dict_district` VALUES (135, '130600', '130628', '高阳县');
INSERT INTO `tb_dict_district` VALUES (136, '130600', '130629', '容城县');
INSERT INTO `tb_dict_district` VALUES (137, '130600', '130630', '涞源县');
INSERT INTO `tb_dict_district` VALUES (138, '130600', '130631', '望都县');
INSERT INTO `tb_dict_district` VALUES (139, '130600', '130632', '安新县');
INSERT INTO `tb_dict_district` VALUES (140, '130600', '130633', '易　县');
INSERT INTO `tb_dict_district` VALUES (141, '130600', '130634', '曲阳县');
INSERT INTO `tb_dict_district` VALUES (142, '130600', '130635', '蠡　县');
INSERT INTO `tb_dict_district` VALUES (143, '130600', '130636', '顺平县');
INSERT INTO `tb_dict_district` VALUES (144, '130600', '130637', '博野县');
INSERT INTO `tb_dict_district` VALUES (145, '130600', '130638', '雄　县');
INSERT INTO `tb_dict_district` VALUES (146, '130600', '130681', '涿州市');
INSERT INTO `tb_dict_district` VALUES (147, '130600', '130682', '定州市');
INSERT INTO `tb_dict_district` VALUES (148, '130600', '130683', '安国市');
INSERT INTO `tb_dict_district` VALUES (149, '130600', '130684', '高碑店市');
INSERT INTO `tb_dict_district` VALUES (150, '130700', '130701', '市辖区');
INSERT INTO `tb_dict_district` VALUES (151, '130700', '130702', '桥东区');
INSERT INTO `tb_dict_district` VALUES (152, '130700', '130703', '桥西区');
INSERT INTO `tb_dict_district` VALUES (153, '130700', '130705', '宣化区');
INSERT INTO `tb_dict_district` VALUES (154, '130700', '130706', '下花园区');
INSERT INTO `tb_dict_district` VALUES (155, '130700', '130721', '宣化县');
INSERT INTO `tb_dict_district` VALUES (156, '130700', '130722', '张北县');
INSERT INTO `tb_dict_district` VALUES (157, '130700', '130723', '康保县');
INSERT INTO `tb_dict_district` VALUES (158, '130700', '130724', '沽源县');
INSERT INTO `tb_dict_district` VALUES (159, '130700', '130725', '尚义县');
INSERT INTO `tb_dict_district` VALUES (160, '130700', '130726', '蔚　县');
INSERT INTO `tb_dict_district` VALUES (161, '130700', '130727', '阳原县');
INSERT INTO `tb_dict_district` VALUES (162, '130700', '130728', '怀安县');
INSERT INTO `tb_dict_district` VALUES (163, '130700', '130729', '万全县');
INSERT INTO `tb_dict_district` VALUES (164, '130700', '130730', '怀来县');
INSERT INTO `tb_dict_district` VALUES (165, '130700', '130731', '涿鹿县');
INSERT INTO `tb_dict_district` VALUES (166, '130700', '130732', '赤城县');
INSERT INTO `tb_dict_district` VALUES (167, '130700', '130733', '崇礼县');
INSERT INTO `tb_dict_district` VALUES (168, '130800', '130801', '市辖区');
INSERT INTO `tb_dict_district` VALUES (169, '130800', '130802', '双桥区');
INSERT INTO `tb_dict_district` VALUES (170, '130800', '130803', '双滦区');
INSERT INTO `tb_dict_district` VALUES (171, '130800', '130804', '鹰手营子矿区');
INSERT INTO `tb_dict_district` VALUES (172, '130800', '130821', '承德县');
INSERT INTO `tb_dict_district` VALUES (173, '130800', '130822', '兴隆县');
INSERT INTO `tb_dict_district` VALUES (174, '130800', '130823', '平泉县');
INSERT INTO `tb_dict_district` VALUES (175, '130800', '130824', '滦平县');
INSERT INTO `tb_dict_district` VALUES (176, '130800', '130825', '隆化县');
INSERT INTO `tb_dict_district` VALUES (177, '130800', '130826', '丰宁满族自治县');
INSERT INTO `tb_dict_district` VALUES (178, '130800', '130827', '宽城满族自治县');
INSERT INTO `tb_dict_district` VALUES (179, '130800', '130828', '围场满族蒙古族自治县');
INSERT INTO `tb_dict_district` VALUES (180, '130900', '130901', '市辖区');
INSERT INTO `tb_dict_district` VALUES (181, '130900', '130902', '新华区');
INSERT INTO `tb_dict_district` VALUES (182, '130900', '130903', '运河区');
INSERT INTO `tb_dict_district` VALUES (183, '130900', '130921', '沧　县');
INSERT INTO `tb_dict_district` VALUES (184, '130900', '130922', '青　县');
INSERT INTO `tb_dict_district` VALUES (185, '130900', '130923', '东光县');
INSERT INTO `tb_dict_district` VALUES (186, '130900', '130924', '海兴县');
INSERT INTO `tb_dict_district` VALUES (187, '130900', '130925', '盐山县');
INSERT INTO `tb_dict_district` VALUES (188, '130900', '130926', '肃宁县');
INSERT INTO `tb_dict_district` VALUES (189, '130900', '130927', '南皮县');
INSERT INTO `tb_dict_district` VALUES (190, '130900', '130928', '吴桥县');
INSERT INTO `tb_dict_district` VALUES (191, '130900', '130929', '献　县');
INSERT INTO `tb_dict_district` VALUES (192, '130900', '130930', '孟村回族自治县');
INSERT INTO `tb_dict_district` VALUES (193, '130900', '130981', '泊头市');
INSERT INTO `tb_dict_district` VALUES (194, '130900', '130982', '任丘市');
INSERT INTO `tb_dict_district` VALUES (195, '130900', '130983', '黄骅市');
INSERT INTO `tb_dict_district` VALUES (196, '130900', '130984', '河间市');
INSERT INTO `tb_dict_district` VALUES (197, '131000', '131001', '市辖区');
INSERT INTO `tb_dict_district` VALUES (198, '131000', '131002', '安次区');
INSERT INTO `tb_dict_district` VALUES (199, '131000', '131003', '广阳区');
INSERT INTO `tb_dict_district` VALUES (200, '131000', '131022', '固安县');
INSERT INTO `tb_dict_district` VALUES (201, '131000', '131023', '永清县');
INSERT INTO `tb_dict_district` VALUES (202, '131000', '131024', '香河县');
INSERT INTO `tb_dict_district` VALUES (203, '131000', '131025', '大城县');
INSERT INTO `tb_dict_district` VALUES (204, '131000', '131026', '文安县');
INSERT INTO `tb_dict_district` VALUES (205, '131000', '131028', '大厂回族自治县');
INSERT INTO `tb_dict_district` VALUES (206, '131000', '131081', '霸州市');
INSERT INTO `tb_dict_district` VALUES (207, '131000', '131082', '三河市');
INSERT INTO `tb_dict_district` VALUES (208, '131100', '131101', '市辖区');
INSERT INTO `tb_dict_district` VALUES (209, '131100', '131102', '桃城区');
INSERT INTO `tb_dict_district` VALUES (210, '131100', '131121', '枣强县');
INSERT INTO `tb_dict_district` VALUES (211, '131100', '131122', '武邑县');
INSERT INTO `tb_dict_district` VALUES (212, '131100', '131123', '武强县');
INSERT INTO `tb_dict_district` VALUES (213, '131100', '131124', '饶阳县');
INSERT INTO `tb_dict_district` VALUES (214, '131100', '131125', '安平县');
INSERT INTO `tb_dict_district` VALUES (215, '131100', '131126', '故城县');
INSERT INTO `tb_dict_district` VALUES (216, '131100', '131127', '景　县');
INSERT INTO `tb_dict_district` VALUES (217, '131100', '131128', '阜城县');
INSERT INTO `tb_dict_district` VALUES (218, '131100', '131181', '冀州市');
INSERT INTO `tb_dict_district` VALUES (219, '131100', '131182', '深州市');
INSERT INTO `tb_dict_district` VALUES (220, '140100', '140101', '市辖区');
INSERT INTO `tb_dict_district` VALUES (221, '140100', '140105', '小店区');
INSERT INTO `tb_dict_district` VALUES (222, '140100', '140106', '迎泽区');
INSERT INTO `tb_dict_district` VALUES (223, '140100', '140107', '杏花岭区');
INSERT INTO `tb_dict_district` VALUES (224, '140100', '140108', '尖草坪区');
INSERT INTO `tb_dict_district` VALUES (225, '140100', '140109', '万柏林区');
INSERT INTO `tb_dict_district` VALUES (226, '140100', '140110', '晋源区');
INSERT INTO `tb_dict_district` VALUES (227, '140100', '140121', '清徐县');
INSERT INTO `tb_dict_district` VALUES (228, '140100', '140122', '阳曲县');
INSERT INTO `tb_dict_district` VALUES (229, '140100', '140123', '娄烦县');
INSERT INTO `tb_dict_district` VALUES (230, '140100', '140181', '古交市');
INSERT INTO `tb_dict_district` VALUES (231, '140200', '140201', '市辖区');
INSERT INTO `tb_dict_district` VALUES (232, '140200', '140202', '城　区');
INSERT INTO `tb_dict_district` VALUES (233, '140200', '140203', '矿　区');
INSERT INTO `tb_dict_district` VALUES (234, '140200', '140211', '南郊区');
INSERT INTO `tb_dict_district` VALUES (235, '140200', '140212', '新荣区');
INSERT INTO `tb_dict_district` VALUES (236, '140200', '140221', '阳高县');
INSERT INTO `tb_dict_district` VALUES (237, '140200', '140222', '天镇县');
INSERT INTO `tb_dict_district` VALUES (238, '140200', '140223', '广灵县');
INSERT INTO `tb_dict_district` VALUES (239, '140200', '140224', '灵丘县');
INSERT INTO `tb_dict_district` VALUES (240, '140200', '140225', '浑源县');
INSERT INTO `tb_dict_district` VALUES (241, '140200', '140226', '左云县');
INSERT INTO `tb_dict_district` VALUES (242, '140200', '140227', '大同县');
INSERT INTO `tb_dict_district` VALUES (243, '140300', '140301', '市辖区');
INSERT INTO `tb_dict_district` VALUES (244, '140300', '140302', '城　区');
INSERT INTO `tb_dict_district` VALUES (245, '140300', '140303', '矿　区');
INSERT INTO `tb_dict_district` VALUES (246, '140300', '140311', '郊　区');
INSERT INTO `tb_dict_district` VALUES (247, '140300', '140321', '平定县');
INSERT INTO `tb_dict_district` VALUES (248, '140300', '140322', '盂　县');
INSERT INTO `tb_dict_district` VALUES (249, '140400', '140401', '市辖区');
INSERT INTO `tb_dict_district` VALUES (250, '140400', '140402', '城　区');
INSERT INTO `tb_dict_district` VALUES (251, '140400', '140411', '郊　区');
INSERT INTO `tb_dict_district` VALUES (252, '140400', '140421', '长治县');
INSERT INTO `tb_dict_district` VALUES (253, '140400', '140423', '襄垣县');
INSERT INTO `tb_dict_district` VALUES (254, '140400', '140424', '屯留县');
INSERT INTO `tb_dict_district` VALUES (255, '140400', '140425', '平顺县');
INSERT INTO `tb_dict_district` VALUES (256, '140400', '140426', '黎城县');
INSERT INTO `tb_dict_district` VALUES (257, '140400', '140427', '壶关县');
INSERT INTO `tb_dict_district` VALUES (258, '140400', '140428', '长子县');
INSERT INTO `tb_dict_district` VALUES (259, '140400', '140429', '武乡县');
INSERT INTO `tb_dict_district` VALUES (260, '140400', '140430', '沁　县');
INSERT INTO `tb_dict_district` VALUES (261, '140400', '140431', '沁源县');
INSERT INTO `tb_dict_district` VALUES (262, '140400', '140481', '潞城市');
INSERT INTO `tb_dict_district` VALUES (263, '140500', '140501', '市辖区');
INSERT INTO `tb_dict_district` VALUES (264, '140500', '140502', '城　区');
INSERT INTO `tb_dict_district` VALUES (265, '140500', '140521', '沁水县');
INSERT INTO `tb_dict_district` VALUES (266, '140500', '140522', '阳城县');
INSERT INTO `tb_dict_district` VALUES (267, '140500', '140524', '陵川县');
INSERT INTO `tb_dict_district` VALUES (268, '140500', '140525', '泽州县');
INSERT INTO `tb_dict_district` VALUES (269, '140500', '140581', '高平市');
INSERT INTO `tb_dict_district` VALUES (270, '140600', '140601', '市辖区');
INSERT INTO `tb_dict_district` VALUES (271, '140600', '140602', '朔城区');
INSERT INTO `tb_dict_district` VALUES (272, '140600', '140603', '平鲁区');
INSERT INTO `tb_dict_district` VALUES (273, '140600', '140621', '山阴县');
INSERT INTO `tb_dict_district` VALUES (274, '140600', '140622', '应　县');
INSERT INTO `tb_dict_district` VALUES (275, '140600', '140623', '右玉县');
INSERT INTO `tb_dict_district` VALUES (276, '140600', '140624', '怀仁县');
INSERT INTO `tb_dict_district` VALUES (277, '140700', '140701', '市辖区');
INSERT INTO `tb_dict_district` VALUES (278, '140700', '140702', '榆次区');
INSERT INTO `tb_dict_district` VALUES (279, '140700', '140721', '榆社县');
INSERT INTO `tb_dict_district` VALUES (280, '140700', '140722', '左权县');
INSERT INTO `tb_dict_district` VALUES (281, '140700', '140723', '和顺县');
INSERT INTO `tb_dict_district` VALUES (282, '140700', '140724', '昔阳县');
INSERT INTO `tb_dict_district` VALUES (283, '140700', '140725', '寿阳县');
INSERT INTO `tb_dict_district` VALUES (284, '140700', '140726', '太谷县');
INSERT INTO `tb_dict_district` VALUES (285, '140700', '140727', '祁　县');
INSERT INTO `tb_dict_district` VALUES (286, '140700', '140728', '平遥县');
INSERT INTO `tb_dict_district` VALUES (287, '140700', '140729', '灵石县');
INSERT INTO `tb_dict_district` VALUES (288, '140700', '140781', '介休市');
INSERT INTO `tb_dict_district` VALUES (289, '140800', '140801', '市辖区');
INSERT INTO `tb_dict_district` VALUES (290, '140800', '140802', '盐湖区');
INSERT INTO `tb_dict_district` VALUES (291, '140800', '140821', '临猗县');
INSERT INTO `tb_dict_district` VALUES (292, '140800', '140822', '万荣县');
INSERT INTO `tb_dict_district` VALUES (293, '140800', '140823', '闻喜县');
INSERT INTO `tb_dict_district` VALUES (294, '140800', '140824', '稷山县');
INSERT INTO `tb_dict_district` VALUES (295, '140800', '140825', '新绛县');
INSERT INTO `tb_dict_district` VALUES (296, '140800', '140826', '绛　县');
INSERT INTO `tb_dict_district` VALUES (297, '140800', '140827', '垣曲县');
INSERT INTO `tb_dict_district` VALUES (298, '140800', '140828', '夏　县');
INSERT INTO `tb_dict_district` VALUES (299, '140800', '140829', '平陆县');
INSERT INTO `tb_dict_district` VALUES (300, '140800', '140830', '芮城县');
INSERT INTO `tb_dict_district` VALUES (301, '140800', '140881', '永济市');
INSERT INTO `tb_dict_district` VALUES (302, '140800', '140882', '河津市');
INSERT INTO `tb_dict_district` VALUES (303, '140900', '140901', '市辖区');
INSERT INTO `tb_dict_district` VALUES (304, '140900', '140902', '忻府区');
INSERT INTO `tb_dict_district` VALUES (305, '140900', '140921', '定襄县');
INSERT INTO `tb_dict_district` VALUES (306, '140900', '140922', '五台县');
INSERT INTO `tb_dict_district` VALUES (307, '140900', '140923', '代　县');
INSERT INTO `tb_dict_district` VALUES (308, '140900', '140924', '繁峙县');
INSERT INTO `tb_dict_district` VALUES (309, '140900', '140925', '宁武县');
INSERT INTO `tb_dict_district` VALUES (310, '140900', '140926', '静乐县');
INSERT INTO `tb_dict_district` VALUES (311, '140900', '140927', '神池县');
INSERT INTO `tb_dict_district` VALUES (312, '140900', '140928', '五寨县');
INSERT INTO `tb_dict_district` VALUES (313, '140900', '140929', '岢岚县');
INSERT INTO `tb_dict_district` VALUES (314, '140900', '140930', '河曲县');
INSERT INTO `tb_dict_district` VALUES (315, '140900', '140931', '保德县');
INSERT INTO `tb_dict_district` VALUES (316, '140900', '140932', '偏关县');
INSERT INTO `tb_dict_district` VALUES (317, '140900', '140981', '原平市');
INSERT INTO `tb_dict_district` VALUES (318, '141000', '141001', '市辖区');
INSERT INTO `tb_dict_district` VALUES (319, '141000', '141002', '尧都区');
INSERT INTO `tb_dict_district` VALUES (320, '141000', '141021', '曲沃县');
INSERT INTO `tb_dict_district` VALUES (321, '141000', '141022', '翼城县');
INSERT INTO `tb_dict_district` VALUES (322, '141000', '141023', '襄汾县');
INSERT INTO `tb_dict_district` VALUES (323, '141000', '141024', '洪洞县');
INSERT INTO `tb_dict_district` VALUES (324, '141000', '141025', '古　县');
INSERT INTO `tb_dict_district` VALUES (325, '141000', '141026', '安泽县');
INSERT INTO `tb_dict_district` VALUES (326, '141000', '141027', '浮山县');
INSERT INTO `tb_dict_district` VALUES (327, '141000', '141028', '吉　县');
INSERT INTO `tb_dict_district` VALUES (328, '141000', '141029', '乡宁县');
INSERT INTO `tb_dict_district` VALUES (329, '141000', '141030', '大宁县');
INSERT INTO `tb_dict_district` VALUES (330, '141000', '141031', '隰　县');
INSERT INTO `tb_dict_district` VALUES (331, '141000', '141032', '永和县');
INSERT INTO `tb_dict_district` VALUES (332, '141000', '141033', '蒲　县');
INSERT INTO `tb_dict_district` VALUES (333, '141000', '141034', '汾西县');
INSERT INTO `tb_dict_district` VALUES (334, '141000', '141081', '侯马市');
INSERT INTO `tb_dict_district` VALUES (335, '141000', '141082', '霍州市');
INSERT INTO `tb_dict_district` VALUES (336, '141100', '141101', '市辖区');
INSERT INTO `tb_dict_district` VALUES (337, '141100', '141102', '离石区');
INSERT INTO `tb_dict_district` VALUES (338, '141100', '141121', '文水县');
INSERT INTO `tb_dict_district` VALUES (339, '141100', '141122', '交城县');
INSERT INTO `tb_dict_district` VALUES (340, '141100', '141123', '兴　县');
INSERT INTO `tb_dict_district` VALUES (341, '141100', '141124', '临　县');
INSERT INTO `tb_dict_district` VALUES (342, '141100', '141125', '柳林县');
INSERT INTO `tb_dict_district` VALUES (343, '141100', '141126', '石楼县');
INSERT INTO `tb_dict_district` VALUES (344, '141100', '141127', '岚　县');
INSERT INTO `tb_dict_district` VALUES (345, '141100', '141128', '方山县');
INSERT INTO `tb_dict_district` VALUES (346, '141100', '141129', '中阳县');
INSERT INTO `tb_dict_district` VALUES (347, '141100', '141130', '交口县');
INSERT INTO `tb_dict_district` VALUES (348, '141100', '141181', '孝义市');
INSERT INTO `tb_dict_district` VALUES (349, '141100', '141182', '汾阳市');
INSERT INTO `tb_dict_district` VALUES (350, '150100', '150101', '市辖区');
INSERT INTO `tb_dict_district` VALUES (351, '150100', '150102', '新城区');
INSERT INTO `tb_dict_district` VALUES (352, '150100', '150103', '回民区');
INSERT INTO `tb_dict_district` VALUES (353, '150100', '150104', '玉泉区');
INSERT INTO `tb_dict_district` VALUES (354, '150100', '150105', '赛罕区');
INSERT INTO `tb_dict_district` VALUES (355, '150100', '150121', '土默特左旗');
INSERT INTO `tb_dict_district` VALUES (356, '150100', '150122', '托克托县');
INSERT INTO `tb_dict_district` VALUES (357, '150100', '150123', '和林格尔县');
INSERT INTO `tb_dict_district` VALUES (358, '150100', '150124', '清水河县');
INSERT INTO `tb_dict_district` VALUES (359, '150100', '150125', '武川县');
INSERT INTO `tb_dict_district` VALUES (360, '150200', '150201', '市辖区');
INSERT INTO `tb_dict_district` VALUES (361, '150200', '150202', '东河区');
INSERT INTO `tb_dict_district` VALUES (362, '150200', '150203', '昆都仑区');
INSERT INTO `tb_dict_district` VALUES (363, '150200', '150204', '青山区');
INSERT INTO `tb_dict_district` VALUES (364, '150200', '150205', '石拐区');
INSERT INTO `tb_dict_district` VALUES (365, '150200', '150206', '白云矿区');
INSERT INTO `tb_dict_district` VALUES (366, '150200', '150207', '九原区');
INSERT INTO `tb_dict_district` VALUES (367, '150200', '150221', '土默特右旗');
INSERT INTO `tb_dict_district` VALUES (368, '150200', '150222', '固阳县');
INSERT INTO `tb_dict_district` VALUES (369, '150200', '150223', '达尔罕茂明安联合旗');
INSERT INTO `tb_dict_district` VALUES (370, '150300', '150301', '市辖区');
INSERT INTO `tb_dict_district` VALUES (371, '150300', '150302', '海勃湾区');
INSERT INTO `tb_dict_district` VALUES (372, '150300', '150303', '海南区');
INSERT INTO `tb_dict_district` VALUES (373, '150300', '150304', '乌达区');
INSERT INTO `tb_dict_district` VALUES (374, '150400', '150401', '市辖区');
INSERT INTO `tb_dict_district` VALUES (375, '150400', '150402', '红山区');
INSERT INTO `tb_dict_district` VALUES (376, '150400', '150403', '元宝山区');
INSERT INTO `tb_dict_district` VALUES (377, '150400', '150404', '松山区');
INSERT INTO `tb_dict_district` VALUES (378, '150400', '150421', '阿鲁科尔沁旗');
INSERT INTO `tb_dict_district` VALUES (379, '150400', '150422', '巴林左旗');
INSERT INTO `tb_dict_district` VALUES (380, '150400', '150423', '巴林右旗');
INSERT INTO `tb_dict_district` VALUES (381, '150400', '150424', '林西县');
INSERT INTO `tb_dict_district` VALUES (382, '150400', '150425', '克什克腾旗');
INSERT INTO `tb_dict_district` VALUES (383, '150400', '150426', '翁牛特旗');
INSERT INTO `tb_dict_district` VALUES (384, '150400', '150428', '喀喇沁旗');
INSERT INTO `tb_dict_district` VALUES (385, '150400', '150429', '宁城县');
INSERT INTO `tb_dict_district` VALUES (386, '150400', '150430', '敖汉旗');
INSERT INTO `tb_dict_district` VALUES (387, '150500', '150501', '市辖区');
INSERT INTO `tb_dict_district` VALUES (388, '150500', '150502', '科尔沁区');
INSERT INTO `tb_dict_district` VALUES (389, '150500', '150521', '科尔沁左翼中旗');
INSERT INTO `tb_dict_district` VALUES (390, '150500', '150522', '科尔沁左翼后旗');
INSERT INTO `tb_dict_district` VALUES (391, '150500', '150523', '开鲁县');
INSERT INTO `tb_dict_district` VALUES (392, '150500', '150524', '库伦旗');
INSERT INTO `tb_dict_district` VALUES (393, '150500', '150525', '奈曼旗');
INSERT INTO `tb_dict_district` VALUES (394, '150500', '150526', '扎鲁特旗');
INSERT INTO `tb_dict_district` VALUES (395, '150500', '150581', '霍林郭勒市');
INSERT INTO `tb_dict_district` VALUES (396, '150600', '150602', '东胜区');
INSERT INTO `tb_dict_district` VALUES (397, '150600', '150621', '达拉特旗');
INSERT INTO `tb_dict_district` VALUES (398, '150600', '150622', '准格尔旗');
INSERT INTO `tb_dict_district` VALUES (399, '150600', '150623', '鄂托克前旗');
INSERT INTO `tb_dict_district` VALUES (400, '150600', '150624', '鄂托克旗');
INSERT INTO `tb_dict_district` VALUES (401, '150600', '150625', '杭锦旗');
INSERT INTO `tb_dict_district` VALUES (402, '150600', '150626', '乌审旗');
INSERT INTO `tb_dict_district` VALUES (403, '150600', '150627', '伊金霍洛旗');
INSERT INTO `tb_dict_district` VALUES (404, '150700', '150701', '市辖区');
INSERT INTO `tb_dict_district` VALUES (405, '150700', '150702', '海拉尔区');
INSERT INTO `tb_dict_district` VALUES (406, '150700', '150721', '阿荣旗');
INSERT INTO `tb_dict_district` VALUES (407, '150700', '150722', '莫力达瓦达斡尔族自治旗');
INSERT INTO `tb_dict_district` VALUES (408, '150700', '150723', '鄂伦春自治旗');
INSERT INTO `tb_dict_district` VALUES (409, '150700', '150724', '鄂温克族自治旗');
INSERT INTO `tb_dict_district` VALUES (410, '150700', '150725', '陈巴尔虎旗');
INSERT INTO `tb_dict_district` VALUES (411, '150700', '150726', '新巴尔虎左旗');
INSERT INTO `tb_dict_district` VALUES (412, '150700', '150727', '新巴尔虎右旗');
INSERT INTO `tb_dict_district` VALUES (413, '150700', '150781', '满洲里市');
INSERT INTO `tb_dict_district` VALUES (414, '150700', '150782', '牙克石市');
INSERT INTO `tb_dict_district` VALUES (415, '150700', '150783', '扎兰屯市');
INSERT INTO `tb_dict_district` VALUES (416, '150700', '150784', '额尔古纳市');
INSERT INTO `tb_dict_district` VALUES (417, '150700', '150785', '根河市');
INSERT INTO `tb_dict_district` VALUES (418, '150800', '150801', '市辖区');
INSERT INTO `tb_dict_district` VALUES (419, '150800', '150802', '临河区');
INSERT INTO `tb_dict_district` VALUES (420, '150800', '150821', '五原县');
INSERT INTO `tb_dict_district` VALUES (421, '150800', '150822', '磴口县');
INSERT INTO `tb_dict_district` VALUES (422, '150800', '150823', '乌拉特前旗');
INSERT INTO `tb_dict_district` VALUES (423, '150800', '150824', '乌拉特中旗');
INSERT INTO `tb_dict_district` VALUES (424, '150800', '150825', '乌拉特后旗');
INSERT INTO `tb_dict_district` VALUES (425, '150800', '150826', '杭锦后旗');
INSERT INTO `tb_dict_district` VALUES (426, '150900', '150901', '市辖区');
INSERT INTO `tb_dict_district` VALUES (427, '150900', '150902', '集宁区');
INSERT INTO `tb_dict_district` VALUES (428, '150900', '150921', '卓资县');
INSERT INTO `tb_dict_district` VALUES (429, '150900', '150922', '化德县');
INSERT INTO `tb_dict_district` VALUES (430, '150900', '150923', '商都县');
INSERT INTO `tb_dict_district` VALUES (431, '150900', '150924', '兴和县');
INSERT INTO `tb_dict_district` VALUES (432, '150900', '150925', '凉城县');
INSERT INTO `tb_dict_district` VALUES (433, '150900', '150926', '察哈尔右翼前旗');
INSERT INTO `tb_dict_district` VALUES (434, '150900', '150927', '察哈尔右翼中旗');
INSERT INTO `tb_dict_district` VALUES (435, '150900', '150928', '察哈尔右翼后旗');
INSERT INTO `tb_dict_district` VALUES (436, '150900', '150929', '四子王旗');
INSERT INTO `tb_dict_district` VALUES (437, '150900', '150981', '丰镇市');
INSERT INTO `tb_dict_district` VALUES (438, '152200', '152201', '乌兰浩特市');
INSERT INTO `tb_dict_district` VALUES (439, '152200', '152202', '阿尔山市');
INSERT INTO `tb_dict_district` VALUES (440, '152200', '152221', '科尔沁右翼前旗');
INSERT INTO `tb_dict_district` VALUES (441, '152200', '152222', '科尔沁右翼中旗');
INSERT INTO `tb_dict_district` VALUES (442, '152200', '152223', '扎赉特旗');
INSERT INTO `tb_dict_district` VALUES (443, '152200', '152224', '突泉县');
INSERT INTO `tb_dict_district` VALUES (444, '152500', '152501', '二连浩特市');
INSERT INTO `tb_dict_district` VALUES (445, '152500', '152502', '锡林浩特市');
INSERT INTO `tb_dict_district` VALUES (446, '152500', '152522', '阿巴嘎旗');
INSERT INTO `tb_dict_district` VALUES (447, '152500', '152523', '苏尼特左旗');
INSERT INTO `tb_dict_district` VALUES (448, '152500', '152524', '苏尼特右旗');
INSERT INTO `tb_dict_district` VALUES (449, '152500', '152525', '东乌珠穆沁旗');
INSERT INTO `tb_dict_district` VALUES (450, '152500', '152526', '西乌珠穆沁旗');
INSERT INTO `tb_dict_district` VALUES (451, '152500', '152527', '太仆寺旗');
INSERT INTO `tb_dict_district` VALUES (452, '152500', '152528', '镶黄旗');
INSERT INTO `tb_dict_district` VALUES (453, '152500', '152529', '正镶白旗');
INSERT INTO `tb_dict_district` VALUES (454, '152500', '152530', '正蓝旗');
INSERT INTO `tb_dict_district` VALUES (455, '152500', '152531', '多伦县');
INSERT INTO `tb_dict_district` VALUES (456, '152900', '152921', '阿拉善左旗');
INSERT INTO `tb_dict_district` VALUES (457, '152900', '152922', '阿拉善右旗');
INSERT INTO `tb_dict_district` VALUES (458, '152900', '152923', '额济纳旗');
INSERT INTO `tb_dict_district` VALUES (459, '210100', '210101', '市辖区');
INSERT INTO `tb_dict_district` VALUES (460, '210100', '210102', '和平区');
INSERT INTO `tb_dict_district` VALUES (461, '210100', '210103', '沈河区');
INSERT INTO `tb_dict_district` VALUES (462, '210100', '210104', '大东区');
INSERT INTO `tb_dict_district` VALUES (463, '210100', '210105', '皇姑区');
INSERT INTO `tb_dict_district` VALUES (464, '210100', '210106', '铁西区');
INSERT INTO `tb_dict_district` VALUES (465, '210100', '210111', '苏家屯区');
INSERT INTO `tb_dict_district` VALUES (466, '210100', '210112', '东陵区');
INSERT INTO `tb_dict_district` VALUES (467, '210100', '210113', '新城子区');
INSERT INTO `tb_dict_district` VALUES (468, '210100', '210114', '于洪区');
INSERT INTO `tb_dict_district` VALUES (469, '210100', '210122', '辽中县');
INSERT INTO `tb_dict_district` VALUES (470, '210100', '210123', '康平县');
INSERT INTO `tb_dict_district` VALUES (471, '210100', '210124', '法库县');
INSERT INTO `tb_dict_district` VALUES (472, '210100', '210181', '新民市');
INSERT INTO `tb_dict_district` VALUES (473, '210200', '210201', '市辖区');
INSERT INTO `tb_dict_district` VALUES (474, '210200', '210202', '中山区');
INSERT INTO `tb_dict_district` VALUES (475, '210200', '210203', '西岗区');
INSERT INTO `tb_dict_district` VALUES (476, '210200', '210204', '沙河口区');
INSERT INTO `tb_dict_district` VALUES (477, '210200', '210211', '甘井子区');
INSERT INTO `tb_dict_district` VALUES (478, '210200', '210212', '旅顺口区');
INSERT INTO `tb_dict_district` VALUES (479, '210200', '210213', '金州区');
INSERT INTO `tb_dict_district` VALUES (480, '210200', '210224', '长海县');
INSERT INTO `tb_dict_district` VALUES (481, '210200', '210281', '瓦房店市');
INSERT INTO `tb_dict_district` VALUES (482, '210200', '210282', '普兰店市');
INSERT INTO `tb_dict_district` VALUES (483, '210200', '210283', '庄河市');
INSERT INTO `tb_dict_district` VALUES (484, '210300', '210301', '市辖区');
INSERT INTO `tb_dict_district` VALUES (485, '210300', '210302', '铁东区');
INSERT INTO `tb_dict_district` VALUES (486, '210300', '210303', '铁西区');
INSERT INTO `tb_dict_district` VALUES (487, '210300', '210304', '立山区');
INSERT INTO `tb_dict_district` VALUES (488, '210300', '210311', '千山区');
INSERT INTO `tb_dict_district` VALUES (489, '210300', '210321', '台安县');
INSERT INTO `tb_dict_district` VALUES (490, '210300', '210323', '岫岩满族自治县');
INSERT INTO `tb_dict_district` VALUES (491, '210300', '210381', '海城市');
INSERT INTO `tb_dict_district` VALUES (492, '210400', '210401', '市辖区');
INSERT INTO `tb_dict_district` VALUES (493, '210400', '210402', '新抚区');
INSERT INTO `tb_dict_district` VALUES (494, '210400', '210403', '东洲区');
INSERT INTO `tb_dict_district` VALUES (495, '210400', '210404', '望花区');
INSERT INTO `tb_dict_district` VALUES (496, '210400', '210411', '顺城区');
INSERT INTO `tb_dict_district` VALUES (497, '210400', '210421', '抚顺县');
INSERT INTO `tb_dict_district` VALUES (498, '210400', '210422', '新宾满族自治县');
INSERT INTO `tb_dict_district` VALUES (499, '210400', '210423', '清原满族自治县');
INSERT INTO `tb_dict_district` VALUES (500, '210500', '210501', '市辖区');
INSERT INTO `tb_dict_district` VALUES (501, '210500', '210502', '平山区');
INSERT INTO `tb_dict_district` VALUES (502, '210500', '210503', '溪湖区');
INSERT INTO `tb_dict_district` VALUES (503, '210500', '210504', '明山区');
INSERT INTO `tb_dict_district` VALUES (504, '210500', '210505', '南芬区');
INSERT INTO `tb_dict_district` VALUES (505, '210500', '210521', '本溪满族自治县');
INSERT INTO `tb_dict_district` VALUES (506, '210500', '210522', '桓仁满族自治县');
INSERT INTO `tb_dict_district` VALUES (507, '210600', '210601', '市辖区');
INSERT INTO `tb_dict_district` VALUES (508, '210600', '210602', '元宝区');
INSERT INTO `tb_dict_district` VALUES (509, '210600', '210603', '振兴区');
INSERT INTO `tb_dict_district` VALUES (510, '210600', '210604', '振安区');
INSERT INTO `tb_dict_district` VALUES (511, '210600', '210624', '宽甸满族自治县');
INSERT INTO `tb_dict_district` VALUES (512, '210600', '210681', '东港市');
INSERT INTO `tb_dict_district` VALUES (513, '210600', '210682', '凤城市');
INSERT INTO `tb_dict_district` VALUES (514, '210700', '210701', '市辖区');
INSERT INTO `tb_dict_district` VALUES (515, '210700', '210702', '古塔区');
INSERT INTO `tb_dict_district` VALUES (516, '210700', '210703', '凌河区');
INSERT INTO `tb_dict_district` VALUES (517, '210700', '210711', '太和区');
INSERT INTO `tb_dict_district` VALUES (518, '210700', '210726', '黑山县');
INSERT INTO `tb_dict_district` VALUES (519, '210700', '210727', '义　县');
INSERT INTO `tb_dict_district` VALUES (520, '210700', '210781', '凌海市');
INSERT INTO `tb_dict_district` VALUES (521, '210700', '210782', '北宁市');
INSERT INTO `tb_dict_district` VALUES (522, '210800', '210801', '市辖区');
INSERT INTO `tb_dict_district` VALUES (523, '210800', '210802', '站前区');
INSERT INTO `tb_dict_district` VALUES (524, '210800', '210803', '西市区');
INSERT INTO `tb_dict_district` VALUES (525, '210800', '210804', '鲅鱼圈区');
INSERT INTO `tb_dict_district` VALUES (526, '210800', '210811', '老边区');
INSERT INTO `tb_dict_district` VALUES (527, '210800', '210881', '盖州市');
INSERT INTO `tb_dict_district` VALUES (528, '210800', '210882', '大石桥市');
INSERT INTO `tb_dict_district` VALUES (529, '210900', '210901', '市辖区');
INSERT INTO `tb_dict_district` VALUES (530, '210900', '210902', '海州区');
INSERT INTO `tb_dict_district` VALUES (531, '210900', '210903', '新邱区');
INSERT INTO `tb_dict_district` VALUES (532, '210900', '210904', '太平区');
INSERT INTO `tb_dict_district` VALUES (533, '210900', '210905', '清河门区');
INSERT INTO `tb_dict_district` VALUES (534, '210900', '210911', '细河区');
INSERT INTO `tb_dict_district` VALUES (535, '210900', '210921', '阜新蒙古族自治县');
INSERT INTO `tb_dict_district` VALUES (536, '210900', '210922', '彰武县');
INSERT INTO `tb_dict_district` VALUES (537, '211000', '211001', '市辖区');
INSERT INTO `tb_dict_district` VALUES (538, '211000', '211002', '白塔区');
INSERT INTO `tb_dict_district` VALUES (539, '211000', '211003', '文圣区');
INSERT INTO `tb_dict_district` VALUES (540, '211000', '211004', '宏伟区');
INSERT INTO `tb_dict_district` VALUES (541, '211000', '211005', '弓长岭区');
INSERT INTO `tb_dict_district` VALUES (542, '211000', '211011', '太子河区');
INSERT INTO `tb_dict_district` VALUES (543, '211000', '211021', '辽阳县');
INSERT INTO `tb_dict_district` VALUES (544, '211000', '211081', '灯塔市');
INSERT INTO `tb_dict_district` VALUES (545, '211100', '211101', '市辖区');
INSERT INTO `tb_dict_district` VALUES (546, '211100', '211102', '双台子区');
INSERT INTO `tb_dict_district` VALUES (547, '211100', '211103', '兴隆台区');
INSERT INTO `tb_dict_district` VALUES (548, '211100', '211121', '大洼县');
INSERT INTO `tb_dict_district` VALUES (549, '211100', '211122', '盘山县');
INSERT INTO `tb_dict_district` VALUES (550, '211200', '211201', '市辖区');
INSERT INTO `tb_dict_district` VALUES (551, '211200', '211202', '银州区');
INSERT INTO `tb_dict_district` VALUES (552, '211200', '211204', '清河区');
INSERT INTO `tb_dict_district` VALUES (553, '211200', '211221', '铁岭县');
INSERT INTO `tb_dict_district` VALUES (554, '211200', '211223', '西丰县');
INSERT INTO `tb_dict_district` VALUES (555, '211200', '211224', '昌图县');
INSERT INTO `tb_dict_district` VALUES (556, '211200', '211281', '调兵山市');
INSERT INTO `tb_dict_district` VALUES (557, '211200', '211282', '开原市');
INSERT INTO `tb_dict_district` VALUES (558, '211300', '211301', '市辖区');
INSERT INTO `tb_dict_district` VALUES (559, '211300', '211302', '双塔区');
INSERT INTO `tb_dict_district` VALUES (560, '211300', '211303', '龙城区');
INSERT INTO `tb_dict_district` VALUES (561, '211300', '211321', '朝阳县');
INSERT INTO `tb_dict_district` VALUES (562, '211300', '211322', '建平县');
INSERT INTO `tb_dict_district` VALUES (563, '211300', '211324', '喀喇沁左翼蒙古族自治县');
INSERT INTO `tb_dict_district` VALUES (564, '211300', '211381', '北票市');
INSERT INTO `tb_dict_district` VALUES (565, '211300', '211382', '凌源市');
INSERT INTO `tb_dict_district` VALUES (566, '211400', '211401', '市辖区');
INSERT INTO `tb_dict_district` VALUES (567, '211400', '211402', '连山区');
INSERT INTO `tb_dict_district` VALUES (568, '211400', '211403', '龙港区');
INSERT INTO `tb_dict_district` VALUES (569, '211400', '211404', '南票区');
INSERT INTO `tb_dict_district` VALUES (570, '211400', '211421', '绥中县');
INSERT INTO `tb_dict_district` VALUES (571, '211400', '211422', '建昌县');
INSERT INTO `tb_dict_district` VALUES (572, '211400', '211481', '兴城市');
INSERT INTO `tb_dict_district` VALUES (573, '220100', '220101', '市辖区');
INSERT INTO `tb_dict_district` VALUES (574, '220100', '220102', '南关区');
INSERT INTO `tb_dict_district` VALUES (575, '220100', '220103', '宽城区');
INSERT INTO `tb_dict_district` VALUES (576, '220100', '220104', '朝阳区');
INSERT INTO `tb_dict_district` VALUES (577, '220100', '220105', '二道区');
INSERT INTO `tb_dict_district` VALUES (578, '220100', '220106', '绿园区');
INSERT INTO `tb_dict_district` VALUES (579, '220100', '220112', '双阳区');
INSERT INTO `tb_dict_district` VALUES (580, '220100', '220122', '农安县');
INSERT INTO `tb_dict_district` VALUES (581, '220100', '220181', '九台市');
INSERT INTO `tb_dict_district` VALUES (582, '220100', '220182', '榆树市');
INSERT INTO `tb_dict_district` VALUES (583, '220100', '220183', '德惠市');
INSERT INTO `tb_dict_district` VALUES (584, '220200', '220201', '市辖区');
INSERT INTO `tb_dict_district` VALUES (585, '220200', '220202', '昌邑区');
INSERT INTO `tb_dict_district` VALUES (586, '220200', '220203', '龙潭区');
INSERT INTO `tb_dict_district` VALUES (587, '220200', '220204', '船营区');
INSERT INTO `tb_dict_district` VALUES (588, '220200', '220211', '丰满区');
INSERT INTO `tb_dict_district` VALUES (589, '220200', '220221', '永吉县');
INSERT INTO `tb_dict_district` VALUES (590, '220200', '220281', '蛟河市');
INSERT INTO `tb_dict_district` VALUES (591, '220200', '220282', '桦甸市');
INSERT INTO `tb_dict_district` VALUES (592, '220200', '220283', '舒兰市');
INSERT INTO `tb_dict_district` VALUES (593, '220200', '220284', '磐石市');
INSERT INTO `tb_dict_district` VALUES (594, '220300', '220301', '市辖区');
INSERT INTO `tb_dict_district` VALUES (595, '220300', '220302', '铁西区');
INSERT INTO `tb_dict_district` VALUES (596, '220300', '220303', '铁东区');
INSERT INTO `tb_dict_district` VALUES (597, '220300', '220322', '梨树县');
INSERT INTO `tb_dict_district` VALUES (598, '220300', '220323', '伊通满族自治县');
INSERT INTO `tb_dict_district` VALUES (599, '220300', '220381', '公主岭市');
INSERT INTO `tb_dict_district` VALUES (600, '220300', '220382', '双辽市');
INSERT INTO `tb_dict_district` VALUES (601, '220400', '220401', '市辖区');
INSERT INTO `tb_dict_district` VALUES (602, '220400', '220402', '龙山区');
INSERT INTO `tb_dict_district` VALUES (603, '220400', '220403', '西安区');
INSERT INTO `tb_dict_district` VALUES (604, '220400', '220421', '东丰县');
INSERT INTO `tb_dict_district` VALUES (605, '220400', '220422', '东辽县');
INSERT INTO `tb_dict_district` VALUES (606, '220500', '220501', '市辖区');
INSERT INTO `tb_dict_district` VALUES (607, '220500', '220502', '东昌区');
INSERT INTO `tb_dict_district` VALUES (608, '220500', '220503', '二道江区');
INSERT INTO `tb_dict_district` VALUES (609, '220500', '220521', '通化县');
INSERT INTO `tb_dict_district` VALUES (610, '220500', '220523', '辉南县');
INSERT INTO `tb_dict_district` VALUES (611, '220500', '220524', '柳河县');
INSERT INTO `tb_dict_district` VALUES (612, '220500', '220581', '梅河口市');
INSERT INTO `tb_dict_district` VALUES (613, '220500', '220582', '集安市');
INSERT INTO `tb_dict_district` VALUES (614, '220600', '220601', '市辖区');
INSERT INTO `tb_dict_district` VALUES (615, '220600', '220602', '八道江区');
INSERT INTO `tb_dict_district` VALUES (616, '220600', '220621', '抚松县');
INSERT INTO `tb_dict_district` VALUES (617, '220600', '220622', '靖宇县');
INSERT INTO `tb_dict_district` VALUES (618, '220600', '220623', '长白朝鲜族自治县');
INSERT INTO `tb_dict_district` VALUES (619, '220600', '220625', '江源县');
INSERT INTO `tb_dict_district` VALUES (620, '220600', '220681', '临江市');
INSERT INTO `tb_dict_district` VALUES (621, '220700', '220701', '市辖区');
INSERT INTO `tb_dict_district` VALUES (622, '220700', '220702', '宁江区');
INSERT INTO `tb_dict_district` VALUES (623, '220700', '220721', '前郭尔罗斯蒙古族自治县');
INSERT INTO `tb_dict_district` VALUES (624, '220700', '220722', '长岭县');
INSERT INTO `tb_dict_district` VALUES (625, '220700', '220723', '乾安县');
INSERT INTO `tb_dict_district` VALUES (626, '220700', '220724', '扶余县');
INSERT INTO `tb_dict_district` VALUES (627, '220800', '220801', '市辖区');
INSERT INTO `tb_dict_district` VALUES (628, '220800', '220802', '洮北区');
INSERT INTO `tb_dict_district` VALUES (629, '220800', '220821', '镇赉县');
INSERT INTO `tb_dict_district` VALUES (630, '220800', '220822', '通榆县');
INSERT INTO `tb_dict_district` VALUES (631, '220800', '220881', '洮南市');
INSERT INTO `tb_dict_district` VALUES (632, '220800', '220882', '大安市');
INSERT INTO `tb_dict_district` VALUES (633, '222400', '222401', '延吉市');
INSERT INTO `tb_dict_district` VALUES (634, '222400', '222402', '图们市');
INSERT INTO `tb_dict_district` VALUES (635, '222400', '222403', '敦化市');
INSERT INTO `tb_dict_district` VALUES (636, '222400', '222404', '珲春市');
INSERT INTO `tb_dict_district` VALUES (637, '222400', '222405', '龙井市');
INSERT INTO `tb_dict_district` VALUES (638, '222400', '222406', '和龙市');
INSERT INTO `tb_dict_district` VALUES (639, '222400', '222424', '汪清县');
INSERT INTO `tb_dict_district` VALUES (640, '222400', '222426', '安图县');
INSERT INTO `tb_dict_district` VALUES (641, '230100', '230101', '市辖区');
INSERT INTO `tb_dict_district` VALUES (642, '230100', '230102', '道里区');
INSERT INTO `tb_dict_district` VALUES (643, '230100', '230103', '南岗区');
INSERT INTO `tb_dict_district` VALUES (644, '230100', '230104', '道外区');
INSERT INTO `tb_dict_district` VALUES (645, '230100', '230106', '香坊区');
INSERT INTO `tb_dict_district` VALUES (646, '230100', '230107', '动力区');
INSERT INTO `tb_dict_district` VALUES (647, '230100', '230108', '平房区');
INSERT INTO `tb_dict_district` VALUES (648, '230100', '230109', '松北区');
INSERT INTO `tb_dict_district` VALUES (649, '230100', '230111', '呼兰区');
INSERT INTO `tb_dict_district` VALUES (650, '230100', '230123', '依兰县');
INSERT INTO `tb_dict_district` VALUES (651, '230100', '230124', '方正县');
INSERT INTO `tb_dict_district` VALUES (652, '230100', '230125', '宾　县');
INSERT INTO `tb_dict_district` VALUES (653, '230100', '230126', '巴彦县');
INSERT INTO `tb_dict_district` VALUES (654, '230100', '230127', '木兰县');
INSERT INTO `tb_dict_district` VALUES (655, '230100', '230128', '通河县');
INSERT INTO `tb_dict_district` VALUES (656, '230100', '230129', '延寿县');
INSERT INTO `tb_dict_district` VALUES (657, '230100', '230181', '阿城市');
INSERT INTO `tb_dict_district` VALUES (658, '230100', '230182', '双城市');
INSERT INTO `tb_dict_district` VALUES (659, '230100', '230183', '尚志市');
INSERT INTO `tb_dict_district` VALUES (660, '230100', '230184', '五常市');
INSERT INTO `tb_dict_district` VALUES (661, '230200', '230201', '市辖区');
INSERT INTO `tb_dict_district` VALUES (662, '230200', '230202', '龙沙区');
INSERT INTO `tb_dict_district` VALUES (663, '230200', '230203', '建华区');
INSERT INTO `tb_dict_district` VALUES (664, '230200', '230204', '铁锋区');
INSERT INTO `tb_dict_district` VALUES (665, '230200', '230205', '昂昂溪区');
INSERT INTO `tb_dict_district` VALUES (666, '230200', '230206', '富拉尔基区');
INSERT INTO `tb_dict_district` VALUES (667, '230200', '230207', '碾子山区');
INSERT INTO `tb_dict_district` VALUES (668, '230200', '230208', '梅里斯达斡尔族区');
INSERT INTO `tb_dict_district` VALUES (669, '230200', '230221', '龙江县');
INSERT INTO `tb_dict_district` VALUES (670, '230200', '230223', '依安县');
INSERT INTO `tb_dict_district` VALUES (671, '230200', '230224', '泰来县');
INSERT INTO `tb_dict_district` VALUES (672, '230200', '230225', '甘南县');
INSERT INTO `tb_dict_district` VALUES (673, '230200', '230227', '富裕县');
INSERT INTO `tb_dict_district` VALUES (674, '230200', '230229', '克山县');
INSERT INTO `tb_dict_district` VALUES (675, '230200', '230230', '克东县');
INSERT INTO `tb_dict_district` VALUES (676, '230200', '230231', '拜泉县');
INSERT INTO `tb_dict_district` VALUES (677, '230200', '230281', '讷河市');
INSERT INTO `tb_dict_district` VALUES (678, '230300', '230301', '市辖区');
INSERT INTO `tb_dict_district` VALUES (679, '230300', '230302', '鸡冠区');
INSERT INTO `tb_dict_district` VALUES (680, '230300', '230303', '恒山区');
INSERT INTO `tb_dict_district` VALUES (681, '230300', '230304', '滴道区');
INSERT INTO `tb_dict_district` VALUES (682, '230300', '230305', '梨树区');
INSERT INTO `tb_dict_district` VALUES (683, '230300', '230306', '城子河区');
INSERT INTO `tb_dict_district` VALUES (684, '230300', '230307', '麻山区');
INSERT INTO `tb_dict_district` VALUES (685, '230300', '230321', '鸡东县');
INSERT INTO `tb_dict_district` VALUES (686, '230300', '230381', '虎林市');
INSERT INTO `tb_dict_district` VALUES (687, '230300', '230382', '密山市');
INSERT INTO `tb_dict_district` VALUES (688, '230400', '230401', '市辖区');
INSERT INTO `tb_dict_district` VALUES (689, '230400', '230402', '向阳区');
INSERT INTO `tb_dict_district` VALUES (690, '230400', '230403', '工农区');
INSERT INTO `tb_dict_district` VALUES (691, '230400', '230404', '南山区');
INSERT INTO `tb_dict_district` VALUES (692, '230400', '230405', '兴安区');
INSERT INTO `tb_dict_district` VALUES (693, '230400', '230406', '东山区');
INSERT INTO `tb_dict_district` VALUES (694, '230400', '230407', '兴山区');
INSERT INTO `tb_dict_district` VALUES (695, '230400', '230421', '萝北县');
INSERT INTO `tb_dict_district` VALUES (696, '230400', '230422', '绥滨县');
INSERT INTO `tb_dict_district` VALUES (697, '230500', '230501', '市辖区');
INSERT INTO `tb_dict_district` VALUES (698, '230500', '230502', '尖山区');
INSERT INTO `tb_dict_district` VALUES (699, '230500', '230503', '岭东区');
INSERT INTO `tb_dict_district` VALUES (700, '230500', '230505', '四方台区');
INSERT INTO `tb_dict_district` VALUES (701, '230500', '230506', '宝山区');
INSERT INTO `tb_dict_district` VALUES (702, '230500', '230521', '集贤县');
INSERT INTO `tb_dict_district` VALUES (703, '230500', '230522', '友谊县');
INSERT INTO `tb_dict_district` VALUES (704, '230500', '230523', '宝清县');
INSERT INTO `tb_dict_district` VALUES (705, '230500', '230524', '饶河县');
INSERT INTO `tb_dict_district` VALUES (706, '230600', '230601', '市辖区');
INSERT INTO `tb_dict_district` VALUES (707, '230600', '230602', '萨尔图区');
INSERT INTO `tb_dict_district` VALUES (708, '230600', '230603', '龙凤区');
INSERT INTO `tb_dict_district` VALUES (709, '230600', '230604', '让胡路区');
INSERT INTO `tb_dict_district` VALUES (710, '230600', '230605', '红岗区');
INSERT INTO `tb_dict_district` VALUES (711, '230600', '230606', '大同区');
INSERT INTO `tb_dict_district` VALUES (712, '230600', '230621', '肇州县');
INSERT INTO `tb_dict_district` VALUES (713, '230600', '230622', '肇源县');
INSERT INTO `tb_dict_district` VALUES (714, '230600', '230623', '林甸县');
INSERT INTO `tb_dict_district` VALUES (715, '230600', '230624', '杜尔伯特蒙古族自治县');
INSERT INTO `tb_dict_district` VALUES (716, '230700', '230701', '市辖区');
INSERT INTO `tb_dict_district` VALUES (717, '230700', '230702', '伊春区');
INSERT INTO `tb_dict_district` VALUES (718, '230700', '230703', '南岔区');
INSERT INTO `tb_dict_district` VALUES (719, '230700', '230704', '友好区');
INSERT INTO `tb_dict_district` VALUES (720, '230700', '230705', '西林区');
INSERT INTO `tb_dict_district` VALUES (721, '230700', '230706', '翠峦区');
INSERT INTO `tb_dict_district` VALUES (722, '230700', '230707', '新青区');
INSERT INTO `tb_dict_district` VALUES (723, '230700', '230708', '美溪区');
INSERT INTO `tb_dict_district` VALUES (724, '230700', '230709', '金山屯区');
INSERT INTO `tb_dict_district` VALUES (725, '230700', '230710', '五营区');
INSERT INTO `tb_dict_district` VALUES (726, '230700', '230711', '乌马河区');
INSERT INTO `tb_dict_district` VALUES (727, '230700', '230712', '汤旺河区');
INSERT INTO `tb_dict_district` VALUES (728, '230700', '230713', '带岭区');
INSERT INTO `tb_dict_district` VALUES (729, '230700', '230714', '乌伊岭区');
INSERT INTO `tb_dict_district` VALUES (730, '230700', '230715', '红星区');
INSERT INTO `tb_dict_district` VALUES (731, '230700', '230716', '上甘岭区');
INSERT INTO `tb_dict_district` VALUES (732, '230700', '230722', '嘉荫县');
INSERT INTO `tb_dict_district` VALUES (733, '230700', '230781', '铁力市');
INSERT INTO `tb_dict_district` VALUES (734, '230800', '230801', '市辖区');
INSERT INTO `tb_dict_district` VALUES (735, '230800', '230802', '永红区');
INSERT INTO `tb_dict_district` VALUES (736, '230800', '230803', '向阳区');
INSERT INTO `tb_dict_district` VALUES (737, '230800', '230804', '前进区');
INSERT INTO `tb_dict_district` VALUES (738, '230800', '230805', '东风区');
INSERT INTO `tb_dict_district` VALUES (739, '230800', '230811', '郊　区');
INSERT INTO `tb_dict_district` VALUES (740, '230800', '230822', '桦南县');
INSERT INTO `tb_dict_district` VALUES (741, '230800', '230826', '桦川县');
INSERT INTO `tb_dict_district` VALUES (742, '230800', '230828', '汤原县');
INSERT INTO `tb_dict_district` VALUES (743, '230800', '230833', '抚远县');
INSERT INTO `tb_dict_district` VALUES (744, '230800', '230881', '同江市');
INSERT INTO `tb_dict_district` VALUES (745, '230800', '230882', '富锦市');
INSERT INTO `tb_dict_district` VALUES (746, '230900', '230901', '市辖区');
INSERT INTO `tb_dict_district` VALUES (747, '230900', '230902', '新兴区');
INSERT INTO `tb_dict_district` VALUES (748, '230900', '230903', '桃山区');
INSERT INTO `tb_dict_district` VALUES (749, '230900', '230904', '茄子河区');
INSERT INTO `tb_dict_district` VALUES (750, '230900', '230921', '勃利县');
INSERT INTO `tb_dict_district` VALUES (751, '231000', '231001', '市辖区');
INSERT INTO `tb_dict_district` VALUES (752, '231000', '231002', '东安区');
INSERT INTO `tb_dict_district` VALUES (753, '231000', '231003', '阳明区');
INSERT INTO `tb_dict_district` VALUES (754, '231000', '231004', '爱民区');
INSERT INTO `tb_dict_district` VALUES (755, '231000', '231005', '西安区');
INSERT INTO `tb_dict_district` VALUES (756, '231000', '231024', '东宁县');
INSERT INTO `tb_dict_district` VALUES (757, '231000', '231025', '林口县');
INSERT INTO `tb_dict_district` VALUES (758, '231000', '231081', '绥芬河市');
INSERT INTO `tb_dict_district` VALUES (759, '231000', '231083', '海林市');
INSERT INTO `tb_dict_district` VALUES (760, '231000', '231084', '宁安市');
INSERT INTO `tb_dict_district` VALUES (761, '231000', '231085', '穆棱市');
INSERT INTO `tb_dict_district` VALUES (762, '231100', '231101', '市辖区');
INSERT INTO `tb_dict_district` VALUES (763, '231100', '231102', '爱辉区');
INSERT INTO `tb_dict_district` VALUES (764, '231100', '231121', '嫩江县');
INSERT INTO `tb_dict_district` VALUES (765, '231100', '231123', '逊克县');
INSERT INTO `tb_dict_district` VALUES (766, '231100', '231124', '孙吴县');
INSERT INTO `tb_dict_district` VALUES (767, '231100', '231181', '北安市');
INSERT INTO `tb_dict_district` VALUES (768, '231100', '231182', '五大连池市');
INSERT INTO `tb_dict_district` VALUES (769, '231200', '231201', '市辖区');
INSERT INTO `tb_dict_district` VALUES (770, '231200', '231202', '北林区');
INSERT INTO `tb_dict_district` VALUES (771, '231200', '231221', '望奎县');
INSERT INTO `tb_dict_district` VALUES (772, '231200', '231222', '兰西县');
INSERT INTO `tb_dict_district` VALUES (773, '231200', '231223', '青冈县');
INSERT INTO `tb_dict_district` VALUES (774, '231200', '231224', '庆安县');
INSERT INTO `tb_dict_district` VALUES (775, '231200', '231225', '明水县');
INSERT INTO `tb_dict_district` VALUES (776, '231200', '231226', '绥棱县');
INSERT INTO `tb_dict_district` VALUES (777, '231200', '231281', '安达市');
INSERT INTO `tb_dict_district` VALUES (778, '231200', '231282', '肇东市');
INSERT INTO `tb_dict_district` VALUES (779, '231200', '231283', '海伦市');
INSERT INTO `tb_dict_district` VALUES (780, '232700', '232721', '呼玛县');
INSERT INTO `tb_dict_district` VALUES (781, '232700', '232722', '塔河县');
INSERT INTO `tb_dict_district` VALUES (782, '232700', '232723', '漠河县');
INSERT INTO `tb_dict_district` VALUES (783, '310100', '310101', '黄浦区');
INSERT INTO `tb_dict_district` VALUES (784, '310100', '310103', '卢湾区');
INSERT INTO `tb_dict_district` VALUES (785, '310100', '310104', '徐汇区');
INSERT INTO `tb_dict_district` VALUES (786, '310100', '310105', '长宁区');
INSERT INTO `tb_dict_district` VALUES (787, '310100', '310106', '静安区');
INSERT INTO `tb_dict_district` VALUES (788, '310100', '310107', '普陀区');
INSERT INTO `tb_dict_district` VALUES (789, '310100', '310108', '闸北区');
INSERT INTO `tb_dict_district` VALUES (790, '310100', '310109', '虹口区');
INSERT INTO `tb_dict_district` VALUES (791, '310100', '310110', '杨浦区');
INSERT INTO `tb_dict_district` VALUES (792, '310100', '310112', '闵行区');
INSERT INTO `tb_dict_district` VALUES (793, '310100', '310113', '宝山区');
INSERT INTO `tb_dict_district` VALUES (794, '310100', '310114', '嘉定区');
INSERT INTO `tb_dict_district` VALUES (795, '310100', '310115', '浦东新区');
INSERT INTO `tb_dict_district` VALUES (796, '310100', '310116', '金山区');
INSERT INTO `tb_dict_district` VALUES (797, '310100', '310117', '松江区');
INSERT INTO `tb_dict_district` VALUES (798, '310100', '310118', '青浦区');
INSERT INTO `tb_dict_district` VALUES (799, '310100', '310119', '南汇区');
INSERT INTO `tb_dict_district` VALUES (800, '310100', '310120', '奉贤区');
INSERT INTO `tb_dict_district` VALUES (801, '310200', '310230', '崇明县');
INSERT INTO `tb_dict_district` VALUES (802, '320100', '320101', '市辖区');
INSERT INTO `tb_dict_district` VALUES (803, '320100', '320102', '玄武区');
INSERT INTO `tb_dict_district` VALUES (804, '320100', '320103', '白下区');
INSERT INTO `tb_dict_district` VALUES (805, '320100', '320104', '秦淮区');
INSERT INTO `tb_dict_district` VALUES (806, '320100', '320105', '建邺区');
INSERT INTO `tb_dict_district` VALUES (807, '320100', '320106', '鼓楼区');
INSERT INTO `tb_dict_district` VALUES (808, '320100', '320107', '下关区');
INSERT INTO `tb_dict_district` VALUES (809, '320100', '320111', '浦口区');
INSERT INTO `tb_dict_district` VALUES (810, '320100', '320113', '栖霞区');
INSERT INTO `tb_dict_district` VALUES (811, '320100', '320114', '雨花台区');
INSERT INTO `tb_dict_district` VALUES (812, '320100', '320115', '江宁区');
INSERT INTO `tb_dict_district` VALUES (813, '320100', '320116', '六合区');
INSERT INTO `tb_dict_district` VALUES (814, '320100', '320124', '溧水县');
INSERT INTO `tb_dict_district` VALUES (815, '320100', '320125', '高淳县');
INSERT INTO `tb_dict_district` VALUES (816, '320200', '320201', '市辖区');
INSERT INTO `tb_dict_district` VALUES (817, '320200', '320202', '崇安区');
INSERT INTO `tb_dict_district` VALUES (818, '320200', '320203', '南长区');
INSERT INTO `tb_dict_district` VALUES (819, '320200', '320204', '北塘区');
INSERT INTO `tb_dict_district` VALUES (820, '320200', '320205', '锡山区');
INSERT INTO `tb_dict_district` VALUES (821, '320200', '320206', '惠山区');
INSERT INTO `tb_dict_district` VALUES (822, '320200', '320211', '滨湖区');
INSERT INTO `tb_dict_district` VALUES (823, '320200', '320281', '江阴市');
INSERT INTO `tb_dict_district` VALUES (824, '320200', '320282', '宜兴市');
INSERT INTO `tb_dict_district` VALUES (825, '320300', '320301', '市辖区');
INSERT INTO `tb_dict_district` VALUES (826, '320300', '320302', '鼓楼区');
INSERT INTO `tb_dict_district` VALUES (827, '320300', '320303', '云龙区');
INSERT INTO `tb_dict_district` VALUES (828, '320300', '320304', '九里区');
INSERT INTO `tb_dict_district` VALUES (829, '320300', '320305', '贾汪区');
INSERT INTO `tb_dict_district` VALUES (830, '320300', '320311', '泉山区');
INSERT INTO `tb_dict_district` VALUES (831, '320300', '320321', '丰　县');
INSERT INTO `tb_dict_district` VALUES (832, '320300', '320322', '沛　县');
INSERT INTO `tb_dict_district` VALUES (833, '320300', '320323', '铜山县');
INSERT INTO `tb_dict_district` VALUES (834, '320300', '320324', '睢宁县');
INSERT INTO `tb_dict_district` VALUES (835, '320300', '320381', '新沂市');
INSERT INTO `tb_dict_district` VALUES (836, '320300', '320382', '邳州市');
INSERT INTO `tb_dict_district` VALUES (837, '320400', '320401', '市辖区');
INSERT INTO `tb_dict_district` VALUES (838, '320400', '320402', '天宁区');
INSERT INTO `tb_dict_district` VALUES (839, '320400', '320404', '钟楼区');
INSERT INTO `tb_dict_district` VALUES (840, '320400', '320405', '戚墅堰区');
INSERT INTO `tb_dict_district` VALUES (841, '320400', '320411', '新北区');
INSERT INTO `tb_dict_district` VALUES (842, '320400', '320412', '武进区');
INSERT INTO `tb_dict_district` VALUES (843, '320400', '320481', '溧阳市');
INSERT INTO `tb_dict_district` VALUES (844, '320400', '320482', '金坛市');
INSERT INTO `tb_dict_district` VALUES (845, '320500', '320501', '市辖区');
INSERT INTO `tb_dict_district` VALUES (846, '320500', '320502', '沧浪区');
INSERT INTO `tb_dict_district` VALUES (847, '320500', '320503', '平江区');
INSERT INTO `tb_dict_district` VALUES (848, '320500', '320504', '金阊区');
INSERT INTO `tb_dict_district` VALUES (849, '320500', '320505', '虎丘区');
INSERT INTO `tb_dict_district` VALUES (850, '320500', '320506', '吴中区');
INSERT INTO `tb_dict_district` VALUES (851, '320500', '320507', '相城区');
INSERT INTO `tb_dict_district` VALUES (852, '320500', '320581', '常熟市');
INSERT INTO `tb_dict_district` VALUES (853, '320500', '320582', '张家港市');
INSERT INTO `tb_dict_district` VALUES (854, '320500', '320583', '昆山市');
INSERT INTO `tb_dict_district` VALUES (855, '320500', '320584', '吴江市');
INSERT INTO `tb_dict_district` VALUES (856, '320500', '320585', '太仓市');
INSERT INTO `tb_dict_district` VALUES (857, '320600', '320601', '市辖区');
INSERT INTO `tb_dict_district` VALUES (858, '320600', '320602', '崇川区');
INSERT INTO `tb_dict_district` VALUES (859, '320600', '320611', '港闸区');
INSERT INTO `tb_dict_district` VALUES (860, '320600', '320621', '海安县');
INSERT INTO `tb_dict_district` VALUES (861, '320600', '320623', '如东县');
INSERT INTO `tb_dict_district` VALUES (862, '320600', '320681', '启东市');
INSERT INTO `tb_dict_district` VALUES (863, '320600', '320682', '如皋市');
INSERT INTO `tb_dict_district` VALUES (864, '320600', '320683', '通州市');
INSERT INTO `tb_dict_district` VALUES (865, '320600', '320684', '海门市');
INSERT INTO `tb_dict_district` VALUES (866, '320700', '320701', '市辖区');
INSERT INTO `tb_dict_district` VALUES (867, '320700', '320703', '连云区');
INSERT INTO `tb_dict_district` VALUES (868, '320700', '320705', '新浦区');
INSERT INTO `tb_dict_district` VALUES (869, '320700', '320706', '海州区');
INSERT INTO `tb_dict_district` VALUES (870, '320700', '320721', '赣榆县');
INSERT INTO `tb_dict_district` VALUES (871, '320700', '320722', '东海县');
INSERT INTO `tb_dict_district` VALUES (872, '320700', '320723', '灌云县');
INSERT INTO `tb_dict_district` VALUES (873, '320700', '320724', '灌南县');
INSERT INTO `tb_dict_district` VALUES (874, '320800', '320801', '市辖区');
INSERT INTO `tb_dict_district` VALUES (875, '320800', '320802', '清河区');
INSERT INTO `tb_dict_district` VALUES (876, '320800', '320803', '楚州区');
INSERT INTO `tb_dict_district` VALUES (877, '320800', '320804', '淮阴区');
INSERT INTO `tb_dict_district` VALUES (878, '320800', '320811', '清浦区');
INSERT INTO `tb_dict_district` VALUES (879, '320800', '320826', '涟水县');
INSERT INTO `tb_dict_district` VALUES (880, '320800', '320829', '洪泽县');
INSERT INTO `tb_dict_district` VALUES (881, '320800', '320830', '盱眙县');
INSERT INTO `tb_dict_district` VALUES (882, '320800', '320831', '金湖县');
INSERT INTO `tb_dict_district` VALUES (883, '320900', '320901', '市辖区');
INSERT INTO `tb_dict_district` VALUES (884, '320900', '320902', '亭湖区');
INSERT INTO `tb_dict_district` VALUES (885, '320900', '320903', '盐都区');
INSERT INTO `tb_dict_district` VALUES (886, '320900', '320921', '响水县');
INSERT INTO `tb_dict_district` VALUES (887, '320900', '320922', '滨海县');
INSERT INTO `tb_dict_district` VALUES (888, '320900', '320923', '阜宁县');
INSERT INTO `tb_dict_district` VALUES (889, '320900', '320924', '射阳县');
INSERT INTO `tb_dict_district` VALUES (890, '320900', '320925', '建湖县');
INSERT INTO `tb_dict_district` VALUES (891, '320900', '320981', '东台市');
INSERT INTO `tb_dict_district` VALUES (892, '320900', '320982', '大丰市');
INSERT INTO `tb_dict_district` VALUES (893, '321000', '321001', '市辖区');
INSERT INTO `tb_dict_district` VALUES (894, '321000', '321002', '广陵区');
INSERT INTO `tb_dict_district` VALUES (895, '321000', '321003', '邗江区');
INSERT INTO `tb_dict_district` VALUES (896, '321000', '321011', '郊　区');
INSERT INTO `tb_dict_district` VALUES (897, '321000', '321023', '宝应县');
INSERT INTO `tb_dict_district` VALUES (898, '321000', '321081', '仪征市');
INSERT INTO `tb_dict_district` VALUES (899, '321000', '321084', '高邮市');
INSERT INTO `tb_dict_district` VALUES (900, '321000', '321088', '江都市');
INSERT INTO `tb_dict_district` VALUES (901, '321100', '321101', '市辖区');
INSERT INTO `tb_dict_district` VALUES (902, '321100', '321102', '京口区');
INSERT INTO `tb_dict_district` VALUES (903, '321100', '321111', '润州区');
INSERT INTO `tb_dict_district` VALUES (904, '321100', '321112', '丹徒区');
INSERT INTO `tb_dict_district` VALUES (905, '321100', '321181', '丹阳市');
INSERT INTO `tb_dict_district` VALUES (906, '321100', '321182', '扬中市');
INSERT INTO `tb_dict_district` VALUES (907, '321100', '321183', '句容市');
INSERT INTO `tb_dict_district` VALUES (908, '321200', '321201', '市辖区');
INSERT INTO `tb_dict_district` VALUES (909, '321200', '321202', '海陵区');
INSERT INTO `tb_dict_district` VALUES (910, '321200', '321203', '高港区');
INSERT INTO `tb_dict_district` VALUES (911, '321200', '321281', '兴化市');
INSERT INTO `tb_dict_district` VALUES (912, '321200', '321282', '靖江市');
INSERT INTO `tb_dict_district` VALUES (913, '321200', '321283', '泰兴市');
INSERT INTO `tb_dict_district` VALUES (914, '321200', '321284', '姜堰市');
INSERT INTO `tb_dict_district` VALUES (915, '321300', '321301', '市辖区');
INSERT INTO `tb_dict_district` VALUES (916, '321300', '321302', '宿城区');
INSERT INTO `tb_dict_district` VALUES (917, '321300', '321311', '宿豫区');
INSERT INTO `tb_dict_district` VALUES (918, '321300', '321322', '沭阳县');
INSERT INTO `tb_dict_district` VALUES (919, '321300', '321323', '泗阳县');
INSERT INTO `tb_dict_district` VALUES (920, '321300', '321324', '泗洪县');
INSERT INTO `tb_dict_district` VALUES (921, '330100', '330101', '市辖区');
INSERT INTO `tb_dict_district` VALUES (922, '330100', '330102', '上城区');
INSERT INTO `tb_dict_district` VALUES (923, '330100', '330103', '下城区');
INSERT INTO `tb_dict_district` VALUES (924, '330100', '330104', '江干区');
INSERT INTO `tb_dict_district` VALUES (925, '330100', '330105', '拱墅区');
INSERT INTO `tb_dict_district` VALUES (926, '330100', '330106', '西湖区');
INSERT INTO `tb_dict_district` VALUES (927, '330100', '330108', '滨江区');
INSERT INTO `tb_dict_district` VALUES (928, '330100', '330109', '萧山区');
INSERT INTO `tb_dict_district` VALUES (929, '330100', '330110', '余杭区');
INSERT INTO `tb_dict_district` VALUES (930, '330100', '330122', '桐庐县');
INSERT INTO `tb_dict_district` VALUES (931, '330100', '330127', '淳安县');
INSERT INTO `tb_dict_district` VALUES (932, '330100', '330182', '建德市');
INSERT INTO `tb_dict_district` VALUES (933, '330100', '330183', '富阳市');
INSERT INTO `tb_dict_district` VALUES (934, '330100', '330185', '临安市');
INSERT INTO `tb_dict_district` VALUES (935, '330200', '330201', '市辖区');
INSERT INTO `tb_dict_district` VALUES (936, '330200', '330203', '海曙区');
INSERT INTO `tb_dict_district` VALUES (937, '330200', '330204', '江东区');
INSERT INTO `tb_dict_district` VALUES (938, '330200', '330205', '江北区');
INSERT INTO `tb_dict_district` VALUES (939, '330200', '330206', '北仑区');
INSERT INTO `tb_dict_district` VALUES (940, '330200', '330211', '镇海区');
INSERT INTO `tb_dict_district` VALUES (941, '330200', '330212', '鄞州区');
INSERT INTO `tb_dict_district` VALUES (942, '330200', '330225', '象山县');
INSERT INTO `tb_dict_district` VALUES (943, '330200', '330226', '宁海县');
INSERT INTO `tb_dict_district` VALUES (944, '330200', '330281', '余姚市');
INSERT INTO `tb_dict_district` VALUES (945, '330200', '330282', '慈溪市');
INSERT INTO `tb_dict_district` VALUES (946, '330200', '330283', '奉化市');
INSERT INTO `tb_dict_district` VALUES (947, '330300', '330301', '市辖区');
INSERT INTO `tb_dict_district` VALUES (948, '330300', '330302', '鹿城区');
INSERT INTO `tb_dict_district` VALUES (949, '330300', '330303', '龙湾区');
INSERT INTO `tb_dict_district` VALUES (950, '330300', '330304', '瓯海区');
INSERT INTO `tb_dict_district` VALUES (951, '330300', '330322', '洞头县');
INSERT INTO `tb_dict_district` VALUES (952, '330300', '330324', '永嘉县');
INSERT INTO `tb_dict_district` VALUES (953, '330300', '330326', '平阳县');
INSERT INTO `tb_dict_district` VALUES (954, '330300', '330327', '苍南县');
INSERT INTO `tb_dict_district` VALUES (955, '330300', '330328', '文成县');
INSERT INTO `tb_dict_district` VALUES (956, '330300', '330329', '泰顺县');
INSERT INTO `tb_dict_district` VALUES (957, '330300', '330381', '瑞安市');
INSERT INTO `tb_dict_district` VALUES (958, '330300', '330382', '乐清市');
INSERT INTO `tb_dict_district` VALUES (959, '330400', '330401', '市辖区');
INSERT INTO `tb_dict_district` VALUES (960, '330400', '330402', '秀城区');
INSERT INTO `tb_dict_district` VALUES (961, '330400', '330411', '秀洲区');
INSERT INTO `tb_dict_district` VALUES (962, '330400', '330421', '嘉善县');
INSERT INTO `tb_dict_district` VALUES (963, '330400', '330424', '海盐县');
INSERT INTO `tb_dict_district` VALUES (964, '330400', '330481', '海宁市');
INSERT INTO `tb_dict_district` VALUES (965, '330400', '330482', '平湖市');
INSERT INTO `tb_dict_district` VALUES (966, '330400', '330483', '桐乡市');
INSERT INTO `tb_dict_district` VALUES (967, '330500', '330501', '市辖区');
INSERT INTO `tb_dict_district` VALUES (968, '330500', '330502', '吴兴区');
INSERT INTO `tb_dict_district` VALUES (969, '330500', '330503', '南浔区');
INSERT INTO `tb_dict_district` VALUES (970, '330500', '330521', '德清县');
INSERT INTO `tb_dict_district` VALUES (971, '330500', '330522', '长兴县');
INSERT INTO `tb_dict_district` VALUES (972, '330500', '330523', '安吉县');
INSERT INTO `tb_dict_district` VALUES (973, '330600', '330601', '市辖区');
INSERT INTO `tb_dict_district` VALUES (974, '330600', '330602', '越城区');
INSERT INTO `tb_dict_district` VALUES (975, '330600', '330621', '绍兴县');
INSERT INTO `tb_dict_district` VALUES (976, '330600', '330624', '新昌县');
INSERT INTO `tb_dict_district` VALUES (977, '330600', '330681', '诸暨市');
INSERT INTO `tb_dict_district` VALUES (978, '330600', '330682', '上虞市');
INSERT INTO `tb_dict_district` VALUES (979, '330600', '330683', '嵊州市');
INSERT INTO `tb_dict_district` VALUES (980, '330700', '330701', '市辖区');
INSERT INTO `tb_dict_district` VALUES (981, '330700', '330702', '婺城区');
INSERT INTO `tb_dict_district` VALUES (982, '330700', '330703', '金东区');
INSERT INTO `tb_dict_district` VALUES (983, '330700', '330723', '武义县');
INSERT INTO `tb_dict_district` VALUES (984, '330700', '330726', '浦江县');
INSERT INTO `tb_dict_district` VALUES (985, '330700', '330727', '磐安县');
INSERT INTO `tb_dict_district` VALUES (986, '330700', '330781', '兰溪市');
INSERT INTO `tb_dict_district` VALUES (987, '330700', '330782', '义乌市');
INSERT INTO `tb_dict_district` VALUES (988, '330700', '330783', '东阳市');
INSERT INTO `tb_dict_district` VALUES (989, '330700', '330784', '永康市');
INSERT INTO `tb_dict_district` VALUES (990, '330800', '330801', '市辖区');
INSERT INTO `tb_dict_district` VALUES (991, '330800', '330802', '柯城区');
INSERT INTO `tb_dict_district` VALUES (992, '330800', '330803', '衢江区');
INSERT INTO `tb_dict_district` VALUES (993, '330800', '330822', '常山县');
INSERT INTO `tb_dict_district` VALUES (994, '330800', '330824', '开化县');
INSERT INTO `tb_dict_district` VALUES (995, '330800', '330825', '龙游县');
INSERT INTO `tb_dict_district` VALUES (996, '330800', '330881', '江山市');
INSERT INTO `tb_dict_district` VALUES (997, '330900', '330901', '市辖区');
INSERT INTO `tb_dict_district` VALUES (998, '330900', '330902', '定海区');
INSERT INTO `tb_dict_district` VALUES (999, '330900', '330903', '普陀区');
INSERT INTO `tb_dict_district` VALUES (1000, '330900', '330921', '岱山县');
INSERT INTO `tb_dict_district` VALUES (1001, '330900', '330922', '嵊泗县');
INSERT INTO `tb_dict_district` VALUES (1002, '331000', '331001', '市辖区');
INSERT INTO `tb_dict_district` VALUES (1003, '331000', '331002', '椒江区');
INSERT INTO `tb_dict_district` VALUES (1004, '331000', '331003', '黄岩区');
INSERT INTO `tb_dict_district` VALUES (1005, '331000', '331004', '路桥区');
INSERT INTO `tb_dict_district` VALUES (1006, '331000', '331021', '玉环县');
INSERT INTO `tb_dict_district` VALUES (1007, '331000', '331022', '三门县');
INSERT INTO `tb_dict_district` VALUES (1008, '331000', '331023', '天台县');
INSERT INTO `tb_dict_district` VALUES (1009, '331000', '331024', '仙居县');
INSERT INTO `tb_dict_district` VALUES (1010, '331000', '331081', '温岭市');
INSERT INTO `tb_dict_district` VALUES (1011, '331000', '331082', '临海市');
INSERT INTO `tb_dict_district` VALUES (1012, '331100', '331101', '市辖区');
INSERT INTO `tb_dict_district` VALUES (1013, '331100', '331102', '莲都区');
INSERT INTO `tb_dict_district` VALUES (1014, '331100', '331121', '青田县');
INSERT INTO `tb_dict_district` VALUES (1015, '331100', '331122', '缙云县');
INSERT INTO `tb_dict_district` VALUES (1016, '331100', '331123', '遂昌县');
INSERT INTO `tb_dict_district` VALUES (1017, '331100', '331124', '松阳县');
INSERT INTO `tb_dict_district` VALUES (1018, '331100', '331125', '云和县');
INSERT INTO `tb_dict_district` VALUES (1019, '331100', '331126', '庆元县');
INSERT INTO `tb_dict_district` VALUES (1020, '331100', '331127', '景宁畲族自治县');
INSERT INTO `tb_dict_district` VALUES (1021, '331100', '331181', '龙泉市');
INSERT INTO `tb_dict_district` VALUES (1022, '340100', '340101', '市辖区');
INSERT INTO `tb_dict_district` VALUES (1023, '340100', '340102', '瑶海区');
INSERT INTO `tb_dict_district` VALUES (1024, '340100', '340103', '庐阳区');
INSERT INTO `tb_dict_district` VALUES (1025, '340100', '340104', '蜀山区');
INSERT INTO `tb_dict_district` VALUES (1026, '340100', '340111', '包河区');
INSERT INTO `tb_dict_district` VALUES (1027, '340100', '340121', '长丰县');
INSERT INTO `tb_dict_district` VALUES (1028, '340100', '340122', '肥东县');
INSERT INTO `tb_dict_district` VALUES (1029, '340100', '340123', '肥西县');
INSERT INTO `tb_dict_district` VALUES (1030, '340200', '340201', '市辖区');
INSERT INTO `tb_dict_district` VALUES (1031, '340200', '340202', '镜湖区');
INSERT INTO `tb_dict_district` VALUES (1032, '340200', '340203', '马塘区');
INSERT INTO `tb_dict_district` VALUES (1033, '340200', '340204', '新芜区');
INSERT INTO `tb_dict_district` VALUES (1034, '340200', '340207', '鸠江区');
INSERT INTO `tb_dict_district` VALUES (1035, '340200', '340221', '芜湖县');
INSERT INTO `tb_dict_district` VALUES (1036, '340200', '340222', '繁昌县');
INSERT INTO `tb_dict_district` VALUES (1037, '340200', '340223', '南陵县');
INSERT INTO `tb_dict_district` VALUES (1038, '340300', '340301', '市辖区');
INSERT INTO `tb_dict_district` VALUES (1039, '340300', '340302', '龙子湖区');
INSERT INTO `tb_dict_district` VALUES (1040, '340300', '340303', '蚌山区');
INSERT INTO `tb_dict_district` VALUES (1041, '340300', '340304', '禹会区');
INSERT INTO `tb_dict_district` VALUES (1042, '340300', '340311', '淮上区');
INSERT INTO `tb_dict_district` VALUES (1043, '340300', '340321', '怀远县');
INSERT INTO `tb_dict_district` VALUES (1044, '340300', '340322', '五河县');
INSERT INTO `tb_dict_district` VALUES (1045, '340300', '340323', '固镇县');
INSERT INTO `tb_dict_district` VALUES (1046, '340400', '340401', '市辖区');
INSERT INTO `tb_dict_district` VALUES (1047, '340400', '340402', '大通区');
INSERT INTO `tb_dict_district` VALUES (1048, '340400', '340403', '田家庵区');
INSERT INTO `tb_dict_district` VALUES (1049, '340400', '340404', '谢家集区');
INSERT INTO `tb_dict_district` VALUES (1050, '340400', '340405', '八公山区');
INSERT INTO `tb_dict_district` VALUES (1051, '340400', '340406', '潘集区');
INSERT INTO `tb_dict_district` VALUES (1052, '340400', '340421', '凤台县');
INSERT INTO `tb_dict_district` VALUES (1053, '340500', '340501', '市辖区');
INSERT INTO `tb_dict_district` VALUES (1054, '340500', '340502', '金家庄区');
INSERT INTO `tb_dict_district` VALUES (1055, '340500', '340503', '花山区');
INSERT INTO `tb_dict_district` VALUES (1056, '340500', '340504', '雨山区');
INSERT INTO `tb_dict_district` VALUES (1057, '340500', '340521', '当涂县');
INSERT INTO `tb_dict_district` VALUES (1058, '340600', '340601', '市辖区');
INSERT INTO `tb_dict_district` VALUES (1059, '340600', '340602', '杜集区');
INSERT INTO `tb_dict_district` VALUES (1060, '340600', '340603', '相山区');
INSERT INTO `tb_dict_district` VALUES (1061, '340600', '340604', '烈山区');
INSERT INTO `tb_dict_district` VALUES (1062, '340600', '340621', '濉溪县');
INSERT INTO `tb_dict_district` VALUES (1063, '340700', '340701', '市辖区');
INSERT INTO `tb_dict_district` VALUES (1064, '340700', '340702', '铜官山区');
INSERT INTO `tb_dict_district` VALUES (1065, '340700', '340703', '狮子山区');
INSERT INTO `tb_dict_district` VALUES (1066, '340700', '340711', '郊　区');
INSERT INTO `tb_dict_district` VALUES (1067, '340700', '340721', '铜陵县');
INSERT INTO `tb_dict_district` VALUES (1068, '340800', '340801', '市辖区');
INSERT INTO `tb_dict_district` VALUES (1069, '340800', '340802', '迎江区');
INSERT INTO `tb_dict_district` VALUES (1070, '340800', '340803', '大观区');
INSERT INTO `tb_dict_district` VALUES (1071, '340800', '340811', '郊　区');
INSERT INTO `tb_dict_district` VALUES (1072, '340800', '340822', '怀宁县');
INSERT INTO `tb_dict_district` VALUES (1073, '340800', '340823', '枞阳县');
INSERT INTO `tb_dict_district` VALUES (1074, '340800', '340824', '潜山县');
INSERT INTO `tb_dict_district` VALUES (1075, '340800', '340825', '太湖县');
INSERT INTO `tb_dict_district` VALUES (1076, '340800', '340826', '宿松县');
INSERT INTO `tb_dict_district` VALUES (1077, '340800', '340827', '望江县');
INSERT INTO `tb_dict_district` VALUES (1078, '340800', '340828', '岳西县');
INSERT INTO `tb_dict_district` VALUES (1079, '340800', '340881', '桐城市');
INSERT INTO `tb_dict_district` VALUES (1080, '341000', '341001', '市辖区');
INSERT INTO `tb_dict_district` VALUES (1081, '341000', '341002', '屯溪区');
INSERT INTO `tb_dict_district` VALUES (1082, '341000', '341003', '黄山区');
INSERT INTO `tb_dict_district` VALUES (1083, '341000', '341004', '徽州区');
INSERT INTO `tb_dict_district` VALUES (1084, '341000', '341021', '歙　县');
INSERT INTO `tb_dict_district` VALUES (1085, '341000', '341022', '休宁县');
INSERT INTO `tb_dict_district` VALUES (1086, '341000', '341023', '黟　县');
INSERT INTO `tb_dict_district` VALUES (1087, '341000', '341024', '祁门县');
INSERT INTO `tb_dict_district` VALUES (1088, '341100', '341101', '市辖区');
INSERT INTO `tb_dict_district` VALUES (1089, '341100', '341102', '琅琊区');
INSERT INTO `tb_dict_district` VALUES (1090, '341100', '341103', '南谯区');
INSERT INTO `tb_dict_district` VALUES (1091, '341100', '341122', '来安县');
INSERT INTO `tb_dict_district` VALUES (1092, '341100', '341124', '全椒县');
INSERT INTO `tb_dict_district` VALUES (1093, '341100', '341125', '定远县');
INSERT INTO `tb_dict_district` VALUES (1094, '341100', '341126', '凤阳县');
INSERT INTO `tb_dict_district` VALUES (1095, '341100', '341181', '天长市');
INSERT INTO `tb_dict_district` VALUES (1096, '341100', '341182', '明光市');
INSERT INTO `tb_dict_district` VALUES (1097, '341200', '341201', '市辖区');
INSERT INTO `tb_dict_district` VALUES (1098, '341200', '341202', '颍州区');
INSERT INTO `tb_dict_district` VALUES (1099, '341200', '341203', '颍东区');
INSERT INTO `tb_dict_district` VALUES (1100, '341200', '341204', '颍泉区');
INSERT INTO `tb_dict_district` VALUES (1101, '341200', '341221', '临泉县');
INSERT INTO `tb_dict_district` VALUES (1102, '341200', '341222', '太和县');
INSERT INTO `tb_dict_district` VALUES (1103, '341200', '341225', '阜南县');
INSERT INTO `tb_dict_district` VALUES (1104, '341200', '341226', '颍上县');
INSERT INTO `tb_dict_district` VALUES (1105, '341200', '341282', '界首市');
INSERT INTO `tb_dict_district` VALUES (1106, '341300', '341301', '市辖区');
INSERT INTO `tb_dict_district` VALUES (1107, '341300', '341302', '墉桥区');
INSERT INTO `tb_dict_district` VALUES (1108, '341300', '341321', '砀山县');
INSERT INTO `tb_dict_district` VALUES (1109, '341300', '341322', '萧　县');
INSERT INTO `tb_dict_district` VALUES (1110, '341300', '341323', '灵璧县');
INSERT INTO `tb_dict_district` VALUES (1111, '341300', '341324', '泗　县');
INSERT INTO `tb_dict_district` VALUES (1112, '341400', '341401', '市辖区');
INSERT INTO `tb_dict_district` VALUES (1113, '341400', '341402', '居巢区');
INSERT INTO `tb_dict_district` VALUES (1114, '341400', '341421', '庐江县');
INSERT INTO `tb_dict_district` VALUES (1115, '341400', '341422', '无为县');
INSERT INTO `tb_dict_district` VALUES (1116, '341400', '341423', '含山县');
INSERT INTO `tb_dict_district` VALUES (1117, '341400', '341424', '和　县');
INSERT INTO `tb_dict_district` VALUES (1118, '341500', '341501', '市辖区');
INSERT INTO `tb_dict_district` VALUES (1119, '341500', '341502', '金安区');
INSERT INTO `tb_dict_district` VALUES (1120, '341500', '341503', '裕安区');
INSERT INTO `tb_dict_district` VALUES (1121, '341500', '341521', '寿　县');
INSERT INTO `tb_dict_district` VALUES (1122, '341500', '341522', '霍邱县');
INSERT INTO `tb_dict_district` VALUES (1123, '341500', '341523', '舒城县');
INSERT INTO `tb_dict_district` VALUES (1124, '341500', '341524', '金寨县');
INSERT INTO `tb_dict_district` VALUES (1125, '341500', '341525', '霍山县');
INSERT INTO `tb_dict_district` VALUES (1126, '341600', '341601', '市辖区');
INSERT INTO `tb_dict_district` VALUES (1127, '341600', '341602', '谯城区');
INSERT INTO `tb_dict_district` VALUES (1128, '341600', '341621', '涡阳县');
INSERT INTO `tb_dict_district` VALUES (1129, '341600', '341622', '蒙城县');
INSERT INTO `tb_dict_district` VALUES (1130, '341600', '341623', '利辛县');
INSERT INTO `tb_dict_district` VALUES (1131, '341700', '341701', '市辖区');
INSERT INTO `tb_dict_district` VALUES (1132, '341700', '341702', '贵池区');
INSERT INTO `tb_dict_district` VALUES (1133, '341700', '341721', '东至县');
INSERT INTO `tb_dict_district` VALUES (1134, '341700', '341722', '石台县');
INSERT INTO `tb_dict_district` VALUES (1135, '341700', '341723', '青阳县');
INSERT INTO `tb_dict_district` VALUES (1136, '341800', '341801', '市辖区');
INSERT INTO `tb_dict_district` VALUES (1137, '341800', '341802', '宣州区');
INSERT INTO `tb_dict_district` VALUES (1138, '341800', '341821', '郎溪县');
INSERT INTO `tb_dict_district` VALUES (1139, '341800', '341822', '广德县');
INSERT INTO `tb_dict_district` VALUES (1140, '341800', '341823', '泾　县');
INSERT INTO `tb_dict_district` VALUES (1141, '341800', '341824', '绩溪县');
INSERT INTO `tb_dict_district` VALUES (1142, '341800', '341825', '旌德县');
INSERT INTO `tb_dict_district` VALUES (1143, '341800', '341881', '宁国市');
INSERT INTO `tb_dict_district` VALUES (1144, '350100', '350101', '市辖区');
INSERT INTO `tb_dict_district` VALUES (1145, '350100', '350102', '鼓楼区');
INSERT INTO `tb_dict_district` VALUES (1146, '350100', '350103', '台江区');
INSERT INTO `tb_dict_district` VALUES (1147, '350100', '350104', '仓山区');
INSERT INTO `tb_dict_district` VALUES (1148, '350100', '350105', '马尾区');
INSERT INTO `tb_dict_district` VALUES (1149, '350100', '350111', '晋安区');
INSERT INTO `tb_dict_district` VALUES (1150, '350100', '350121', '闽侯县');
INSERT INTO `tb_dict_district` VALUES (1151, '350100', '350122', '连江县');
INSERT INTO `tb_dict_district` VALUES (1152, '350100', '350123', '罗源县');
INSERT INTO `tb_dict_district` VALUES (1153, '350100', '350124', '闽清县');
INSERT INTO `tb_dict_district` VALUES (1154, '350100', '350125', '永泰县');
INSERT INTO `tb_dict_district` VALUES (1155, '350100', '350128', '平潭县');
INSERT INTO `tb_dict_district` VALUES (1156, '350100', '350181', '福清市');
INSERT INTO `tb_dict_district` VALUES (1157, '350100', '350182', '长乐市');
INSERT INTO `tb_dict_district` VALUES (1158, '350200', '350201', '市辖区');
INSERT INTO `tb_dict_district` VALUES (1159, '350200', '350203', '思明区');
INSERT INTO `tb_dict_district` VALUES (1160, '350200', '350205', '海沧区');
INSERT INTO `tb_dict_district` VALUES (1161, '350200', '350206', '湖里区');
INSERT INTO `tb_dict_district` VALUES (1162, '350200', '350211', '集美区');
INSERT INTO `tb_dict_district` VALUES (1163, '350200', '350212', '同安区');
INSERT INTO `tb_dict_district` VALUES (1164, '350200', '350213', '翔安区');
INSERT INTO `tb_dict_district` VALUES (1165, '350300', '350301', '市辖区');
INSERT INTO `tb_dict_district` VALUES (1166, '350300', '350302', '城厢区');
INSERT INTO `tb_dict_district` VALUES (1167, '350300', '350303', '涵江区');
INSERT INTO `tb_dict_district` VALUES (1168, '350300', '350304', '荔城区');
INSERT INTO `tb_dict_district` VALUES (1169, '350300', '350305', '秀屿区');
INSERT INTO `tb_dict_district` VALUES (1170, '350300', '350322', '仙游县');
INSERT INTO `tb_dict_district` VALUES (1171, '350400', '350401', '市辖区');
INSERT INTO `tb_dict_district` VALUES (1172, '350400', '350402', '梅列区');
INSERT INTO `tb_dict_district` VALUES (1173, '350400', '350403', '三元区');
INSERT INTO `tb_dict_district` VALUES (1174, '350400', '350421', '明溪县');
INSERT INTO `tb_dict_district` VALUES (1175, '350400', '350423', '清流县');
INSERT INTO `tb_dict_district` VALUES (1176, '350400', '350424', '宁化县');
INSERT INTO `tb_dict_district` VALUES (1177, '350400', '350425', '大田县');
INSERT INTO `tb_dict_district` VALUES (1178, '350400', '350426', '尤溪县');
INSERT INTO `tb_dict_district` VALUES (1179, '350400', '350427', '沙　县');
INSERT INTO `tb_dict_district` VALUES (1180, '350400', '350428', '将乐县');
INSERT INTO `tb_dict_district` VALUES (1181, '350400', '350429', '泰宁县');
INSERT INTO `tb_dict_district` VALUES (1182, '350400', '350430', '建宁县');
INSERT INTO `tb_dict_district` VALUES (1183, '350400', '350481', '永安市');
INSERT INTO `tb_dict_district` VALUES (1184, '350500', '350501', '市辖区');
INSERT INTO `tb_dict_district` VALUES (1185, '350500', '350502', '鲤城区');
INSERT INTO `tb_dict_district` VALUES (1186, '350500', '350503', '丰泽区');
INSERT INTO `tb_dict_district` VALUES (1187, '350500', '350504', '洛江区');
INSERT INTO `tb_dict_district` VALUES (1188, '350500', '350505', '泉港区');
INSERT INTO `tb_dict_district` VALUES (1189, '350500', '350521', '惠安县');
INSERT INTO `tb_dict_district` VALUES (1190, '350500', '350524', '安溪县');
INSERT INTO `tb_dict_district` VALUES (1191, '350500', '350525', '永春县');
INSERT INTO `tb_dict_district` VALUES (1192, '350500', '350526', '德化县');
INSERT INTO `tb_dict_district` VALUES (1193, '350500', '350527', '金门县');
INSERT INTO `tb_dict_district` VALUES (1194, '350500', '350581', '石狮市');
INSERT INTO `tb_dict_district` VALUES (1195, '350500', '350582', '晋江市');
INSERT INTO `tb_dict_district` VALUES (1196, '350500', '350583', '南安市');
INSERT INTO `tb_dict_district` VALUES (1197, '350600', '350601', '市辖区');
INSERT INTO `tb_dict_district` VALUES (1198, '350600', '350602', '芗城区');
INSERT INTO `tb_dict_district` VALUES (1199, '350600', '350603', '龙文区');
INSERT INTO `tb_dict_district` VALUES (1200, '350600', '350622', '云霄县');
INSERT INTO `tb_dict_district` VALUES (1201, '350600', '350623', '漳浦县');
INSERT INTO `tb_dict_district` VALUES (1202, '350600', '350624', '诏安县');
INSERT INTO `tb_dict_district` VALUES (1203, '350600', '350625', '长泰县');
INSERT INTO `tb_dict_district` VALUES (1204, '350600', '350626', '东山县');
INSERT INTO `tb_dict_district` VALUES (1205, '350600', '350627', '南靖县');
INSERT INTO `tb_dict_district` VALUES (1206, '350600', '350628', '平和县');
INSERT INTO `tb_dict_district` VALUES (1207, '350600', '350629', '华安县');
INSERT INTO `tb_dict_district` VALUES (1208, '350600', '350681', '龙海市');
INSERT INTO `tb_dict_district` VALUES (1209, '350700', '350701', '市辖区');
INSERT INTO `tb_dict_district` VALUES (1210, '350700', '350702', '延平区');
INSERT INTO `tb_dict_district` VALUES (1211, '350700', '350721', '顺昌县');
INSERT INTO `tb_dict_district` VALUES (1212, '350700', '350722', '浦城县');
INSERT INTO `tb_dict_district` VALUES (1213, '350700', '350723', '光泽县');
INSERT INTO `tb_dict_district` VALUES (1214, '350700', '350724', '松溪县');
INSERT INTO `tb_dict_district` VALUES (1215, '350700', '350725', '政和县');
INSERT INTO `tb_dict_district` VALUES (1216, '350700', '350781', '邵武市');
INSERT INTO `tb_dict_district` VALUES (1217, '350700', '350782', '武夷山市');
INSERT INTO `tb_dict_district` VALUES (1218, '350700', '350783', '建瓯市');
INSERT INTO `tb_dict_district` VALUES (1219, '350700', '350784', '建阳市');
INSERT INTO `tb_dict_district` VALUES (1220, '350800', '350801', '市辖区');
INSERT INTO `tb_dict_district` VALUES (1221, '350800', '350802', '新罗区');
INSERT INTO `tb_dict_district` VALUES (1222, '350800', '350821', '长汀县');
INSERT INTO `tb_dict_district` VALUES (1223, '350800', '350822', '永定县');
INSERT INTO `tb_dict_district` VALUES (1224, '350800', '350823', '上杭县');
INSERT INTO `tb_dict_district` VALUES (1225, '350800', '350824', '武平县');
INSERT INTO `tb_dict_district` VALUES (1226, '350800', '350825', '连城县');
INSERT INTO `tb_dict_district` VALUES (1227, '350800', '350881', '漳平市');
INSERT INTO `tb_dict_district` VALUES (1228, '350900', '350901', '市辖区');
INSERT INTO `tb_dict_district` VALUES (1229, '350900', '350902', '蕉城区');
INSERT INTO `tb_dict_district` VALUES (1230, '350900', '350921', '霞浦县');
INSERT INTO `tb_dict_district` VALUES (1231, '350900', '350922', '古田县');
INSERT INTO `tb_dict_district` VALUES (1232, '350900', '350923', '屏南县');
INSERT INTO `tb_dict_district` VALUES (1233, '350900', '350924', '寿宁县');
INSERT INTO `tb_dict_district` VALUES (1234, '350900', '350925', '周宁县');
INSERT INTO `tb_dict_district` VALUES (1235, '350900', '350926', '柘荣县');
INSERT INTO `tb_dict_district` VALUES (1236, '350900', '350981', '福安市');
INSERT INTO `tb_dict_district` VALUES (1237, '350900', '350982', '福鼎市');
INSERT INTO `tb_dict_district` VALUES (1238, '360100', '360101', '市辖区');
INSERT INTO `tb_dict_district` VALUES (1239, '360100', '360102', '东湖区');
INSERT INTO `tb_dict_district` VALUES (1240, '360100', '360103', '西湖区');
INSERT INTO `tb_dict_district` VALUES (1241, '360100', '360104', '青云谱区');
INSERT INTO `tb_dict_district` VALUES (1242, '360100', '360105', '湾里区');
INSERT INTO `tb_dict_district` VALUES (1243, '360100', '360111', '青山湖区');
INSERT INTO `tb_dict_district` VALUES (1244, '360100', '360121', '南昌县');
INSERT INTO `tb_dict_district` VALUES (1245, '360100', '360122', '新建县');
INSERT INTO `tb_dict_district` VALUES (1246, '360100', '360123', '安义县');
INSERT INTO `tb_dict_district` VALUES (1247, '360100', '360124', '进贤县');
INSERT INTO `tb_dict_district` VALUES (1248, '360200', '360201', '市辖区');
INSERT INTO `tb_dict_district` VALUES (1249, '360200', '360202', '昌江区');
INSERT INTO `tb_dict_district` VALUES (1250, '360200', '360203', '珠山区');
INSERT INTO `tb_dict_district` VALUES (1251, '360200', '360222', '浮梁县');
INSERT INTO `tb_dict_district` VALUES (1252, '360200', '360281', '乐平市');
INSERT INTO `tb_dict_district` VALUES (1253, '360300', '360301', '市辖区');
INSERT INTO `tb_dict_district` VALUES (1254, '360300', '360302', '安源区');
INSERT INTO `tb_dict_district` VALUES (1255, '360300', '360313', '湘东区');
INSERT INTO `tb_dict_district` VALUES (1256, '360300', '360321', '莲花县');
INSERT INTO `tb_dict_district` VALUES (1257, '360300', '360322', '上栗县');
INSERT INTO `tb_dict_district` VALUES (1258, '360300', '360323', '芦溪县');
INSERT INTO `tb_dict_district` VALUES (1259, '360400', '360401', '市辖区');
INSERT INTO `tb_dict_district` VALUES (1260, '360400', '360402', '庐山区');
INSERT INTO `tb_dict_district` VALUES (1261, '360400', '360403', '浔阳区');
INSERT INTO `tb_dict_district` VALUES (1262, '360400', '360421', '九江县');
INSERT INTO `tb_dict_district` VALUES (1263, '360400', '360423', '武宁县');
INSERT INTO `tb_dict_district` VALUES (1264, '360400', '360424', '修水县');
INSERT INTO `tb_dict_district` VALUES (1265, '360400', '360425', '永修县');
INSERT INTO `tb_dict_district` VALUES (1266, '360400', '360426', '德安县');
INSERT INTO `tb_dict_district` VALUES (1267, '360400', '360427', '星子县');
INSERT INTO `tb_dict_district` VALUES (1268, '360400', '360428', '都昌县');
INSERT INTO `tb_dict_district` VALUES (1269, '360400', '360429', '湖口县');
INSERT INTO `tb_dict_district` VALUES (1270, '360400', '360430', '彭泽县');
INSERT INTO `tb_dict_district` VALUES (1271, '360400', '360481', '瑞昌市');
INSERT INTO `tb_dict_district` VALUES (1272, '360500', '360501', '市辖区');
INSERT INTO `tb_dict_district` VALUES (1273, '360500', '360502', '渝水区');
INSERT INTO `tb_dict_district` VALUES (1274, '360500', '360521', '分宜县');
INSERT INTO `tb_dict_district` VALUES (1275, '360600', '360601', '市辖区');
INSERT INTO `tb_dict_district` VALUES (1276, '360600', '360602', '月湖区');
INSERT INTO `tb_dict_district` VALUES (1277, '360600', '360622', '余江县');
INSERT INTO `tb_dict_district` VALUES (1278, '360600', '360681', '贵溪市');
INSERT INTO `tb_dict_district` VALUES (1279, '360700', '360701', '市辖区');
INSERT INTO `tb_dict_district` VALUES (1280, '360700', '360702', '章贡区');
INSERT INTO `tb_dict_district` VALUES (1281, '360700', '360721', '赣　县');
INSERT INTO `tb_dict_district` VALUES (1282, '360700', '360722', '信丰县');
INSERT INTO `tb_dict_district` VALUES (1283, '360700', '360723', '大余县');
INSERT INTO `tb_dict_district` VALUES (1284, '360700', '360724', '上犹县');
INSERT INTO `tb_dict_district` VALUES (1285, '360700', '360725', '崇义县');
INSERT INTO `tb_dict_district` VALUES (1286, '360700', '360726', '安远县');
INSERT INTO `tb_dict_district` VALUES (1287, '360700', '360727', '龙南县');
INSERT INTO `tb_dict_district` VALUES (1288, '360700', '360728', '定南县');
INSERT INTO `tb_dict_district` VALUES (1289, '360700', '360729', '全南县');
INSERT INTO `tb_dict_district` VALUES (1290, '360700', '360730', '宁都县');
INSERT INTO `tb_dict_district` VALUES (1291, '360700', '360731', '于都县');
INSERT INTO `tb_dict_district` VALUES (1292, '360700', '360732', '兴国县');
INSERT INTO `tb_dict_district` VALUES (1293, '360700', '360733', '会昌县');
INSERT INTO `tb_dict_district` VALUES (1294, '360700', '360734', '寻乌县');
INSERT INTO `tb_dict_district` VALUES (1295, '360700', '360735', '石城县');
INSERT INTO `tb_dict_district` VALUES (1296, '360700', '360781', '瑞金市');
INSERT INTO `tb_dict_district` VALUES (1297, '360700', '360782', '南康市');
INSERT INTO `tb_dict_district` VALUES (1298, '360800', '360801', '市辖区');
INSERT INTO `tb_dict_district` VALUES (1299, '360800', '360802', '吉州区');
INSERT INTO `tb_dict_district` VALUES (1300, '360800', '360803', '青原区');
INSERT INTO `tb_dict_district` VALUES (1301, '360800', '360821', '吉安县');
INSERT INTO `tb_dict_district` VALUES (1302, '360800', '360822', '吉水县');
INSERT INTO `tb_dict_district` VALUES (1303, '360800', '360823', '峡江县');
INSERT INTO `tb_dict_district` VALUES (1304, '360800', '360824', '新干县');
INSERT INTO `tb_dict_district` VALUES (1305, '360800', '360825', '永丰县');
INSERT INTO `tb_dict_district` VALUES (1306, '360800', '360826', '泰和县');
INSERT INTO `tb_dict_district` VALUES (1307, '360800', '360827', '遂川县');
INSERT INTO `tb_dict_district` VALUES (1308, '360800', '360828', '万安县');
INSERT INTO `tb_dict_district` VALUES (1309, '360800', '360829', '安福县');
INSERT INTO `tb_dict_district` VALUES (1310, '360800', '360830', '永新县');
INSERT INTO `tb_dict_district` VALUES (1311, '360800', '360881', '井冈山市');
INSERT INTO `tb_dict_district` VALUES (1312, '360900', '360901', '市辖区');
INSERT INTO `tb_dict_district` VALUES (1313, '360900', '360902', '袁州区');
INSERT INTO `tb_dict_district` VALUES (1314, '360900', '360921', '奉新县');
INSERT INTO `tb_dict_district` VALUES (1315, '360900', '360922', '万载县');
INSERT INTO `tb_dict_district` VALUES (1316, '360900', '360923', '上高县');
INSERT INTO `tb_dict_district` VALUES (1317, '360900', '360924', '宜丰县');
INSERT INTO `tb_dict_district` VALUES (1318, '360900', '360925', '靖安县');
INSERT INTO `tb_dict_district` VALUES (1319, '360900', '360926', '铜鼓县');
INSERT INTO `tb_dict_district` VALUES (1320, '360900', '360981', '丰城市');
INSERT INTO `tb_dict_district` VALUES (1321, '360900', '360982', '樟树市');
INSERT INTO `tb_dict_district` VALUES (1322, '360900', '360983', '高安市');
INSERT INTO `tb_dict_district` VALUES (1323, '361000', '361001', '市辖区');
INSERT INTO `tb_dict_district` VALUES (1324, '361000', '361002', '临川区');
INSERT INTO `tb_dict_district` VALUES (1325, '361000', '361021', '南城县');
INSERT INTO `tb_dict_district` VALUES (1326, '361000', '361022', '黎川县');
INSERT INTO `tb_dict_district` VALUES (1327, '361000', '361023', '南丰县');
INSERT INTO `tb_dict_district` VALUES (1328, '361000', '361024', '崇仁县');
INSERT INTO `tb_dict_district` VALUES (1329, '361000', '361025', '乐安县');
INSERT INTO `tb_dict_district` VALUES (1330, '361000', '361026', '宜黄县');
INSERT INTO `tb_dict_district` VALUES (1331, '361000', '361027', '金溪县');
INSERT INTO `tb_dict_district` VALUES (1332, '361000', '361028', '资溪县');
INSERT INTO `tb_dict_district` VALUES (1333, '361000', '361029', '东乡县');
INSERT INTO `tb_dict_district` VALUES (1334, '361000', '361030', '广昌县');
INSERT INTO `tb_dict_district` VALUES (1335, '361100', '361101', '市辖区');
INSERT INTO `tb_dict_district` VALUES (1336, '361100', '361102', '信州区');
INSERT INTO `tb_dict_district` VALUES (1337, '361100', '361121', '上饶县');
INSERT INTO `tb_dict_district` VALUES (1338, '361100', '361122', '广丰县');
INSERT INTO `tb_dict_district` VALUES (1339, '361100', '361123', '玉山县');
INSERT INTO `tb_dict_district` VALUES (1340, '361100', '361124', '铅山县');
INSERT INTO `tb_dict_district` VALUES (1341, '361100', '361125', '横峰县');
INSERT INTO `tb_dict_district` VALUES (1342, '361100', '361126', '弋阳县');
INSERT INTO `tb_dict_district` VALUES (1343, '361100', '361127', '余干县');
INSERT INTO `tb_dict_district` VALUES (1344, '361100', '361128', '鄱阳县');
INSERT INTO `tb_dict_district` VALUES (1345, '361100', '361129', '万年县');
INSERT INTO `tb_dict_district` VALUES (1346, '361100', '361130', '婺源县');
INSERT INTO `tb_dict_district` VALUES (1347, '361100', '361181', '德兴市');
INSERT INTO `tb_dict_district` VALUES (1348, '370100', '370101', '市辖区');
INSERT INTO `tb_dict_district` VALUES (1349, '370100', '370102', '历下区');
INSERT INTO `tb_dict_district` VALUES (1350, '370100', '370103', '市中区');
INSERT INTO `tb_dict_district` VALUES (1351, '370100', '370104', '槐荫区');
INSERT INTO `tb_dict_district` VALUES (1352, '370100', '370105', '天桥区');
INSERT INTO `tb_dict_district` VALUES (1353, '370100', '370112', '历城区');
INSERT INTO `tb_dict_district` VALUES (1354, '370100', '370113', '长清区');
INSERT INTO `tb_dict_district` VALUES (1355, '370100', '370124', '平阴县');
INSERT INTO `tb_dict_district` VALUES (1356, '370100', '370125', '济阳县');
INSERT INTO `tb_dict_district` VALUES (1357, '370100', '370126', '商河县');
INSERT INTO `tb_dict_district` VALUES (1358, '370100', '370181', '章丘市');
INSERT INTO `tb_dict_district` VALUES (1359, '370200', '370201', '市辖区');
INSERT INTO `tb_dict_district` VALUES (1360, '370200', '370202', '市南区');
INSERT INTO `tb_dict_district` VALUES (1361, '370200', '370203', '市北区');
INSERT INTO `tb_dict_district` VALUES (1362, '370200', '370205', '四方区');
INSERT INTO `tb_dict_district` VALUES (1363, '370200', '370211', '黄岛区');
INSERT INTO `tb_dict_district` VALUES (1364, '370200', '370212', '崂山区');
INSERT INTO `tb_dict_district` VALUES (1365, '370200', '370213', '李沧区');
INSERT INTO `tb_dict_district` VALUES (1366, '370200', '370214', '城阳区');
INSERT INTO `tb_dict_district` VALUES (1367, '370200', '370281', '胶州市');
INSERT INTO `tb_dict_district` VALUES (1368, '370200', '370282', '即墨市');
INSERT INTO `tb_dict_district` VALUES (1369, '370200', '370283', '平度市');
INSERT INTO `tb_dict_district` VALUES (1370, '370200', '370284', '胶南市');
INSERT INTO `tb_dict_district` VALUES (1371, '370200', '370285', '莱西市');
INSERT INTO `tb_dict_district` VALUES (1372, '370300', '370301', '市辖区');
INSERT INTO `tb_dict_district` VALUES (1373, '370300', '370302', '淄川区');
INSERT INTO `tb_dict_district` VALUES (1374, '370300', '370303', '张店区');
INSERT INTO `tb_dict_district` VALUES (1375, '370300', '370304', '博山区');
INSERT INTO `tb_dict_district` VALUES (1376, '370300', '370305', '临淄区');
INSERT INTO `tb_dict_district` VALUES (1377, '370300', '370306', '周村区');
INSERT INTO `tb_dict_district` VALUES (1378, '370300', '370321', '桓台县');
INSERT INTO `tb_dict_district` VALUES (1379, '370300', '370322', '高青县');
INSERT INTO `tb_dict_district` VALUES (1380, '370300', '370323', '沂源县');
INSERT INTO `tb_dict_district` VALUES (1381, '370400', '370401', '市辖区');
INSERT INTO `tb_dict_district` VALUES (1382, '370400', '370402', '市中区');
INSERT INTO `tb_dict_district` VALUES (1383, '370400', '370403', '薛城区');
INSERT INTO `tb_dict_district` VALUES (1384, '370400', '370404', '峄城区');
INSERT INTO `tb_dict_district` VALUES (1385, '370400', '370405', '台儿庄区');
INSERT INTO `tb_dict_district` VALUES (1386, '370400', '370406', '山亭区');
INSERT INTO `tb_dict_district` VALUES (1387, '370400', '370481', '滕州市');
INSERT INTO `tb_dict_district` VALUES (1388, '370500', '370501', '市辖区');
INSERT INTO `tb_dict_district` VALUES (1389, '370500', '370502', '东营区');
INSERT INTO `tb_dict_district` VALUES (1390, '370500', '370503', '河口区');
INSERT INTO `tb_dict_district` VALUES (1391, '370500', '370521', '垦利县');
INSERT INTO `tb_dict_district` VALUES (1392, '370500', '370522', '利津县');
INSERT INTO `tb_dict_district` VALUES (1393, '370500', '370523', '广饶县');
INSERT INTO `tb_dict_district` VALUES (1394, '370600', '370601', '市辖区');
INSERT INTO `tb_dict_district` VALUES (1395, '370600', '370602', '芝罘区');
INSERT INTO `tb_dict_district` VALUES (1396, '370600', '370611', '福山区');
INSERT INTO `tb_dict_district` VALUES (1397, '370600', '370612', '牟平区');
INSERT INTO `tb_dict_district` VALUES (1398, '370600', '370613', '莱山区');
INSERT INTO `tb_dict_district` VALUES (1399, '370600', '370634', '长岛县');
INSERT INTO `tb_dict_district` VALUES (1400, '370600', '370681', '龙口市');
INSERT INTO `tb_dict_district` VALUES (1401, '370600', '370682', '莱阳市');
INSERT INTO `tb_dict_district` VALUES (1402, '370600', '370683', '莱州市');
INSERT INTO `tb_dict_district` VALUES (1403, '370600', '370684', '蓬莱市');
INSERT INTO `tb_dict_district` VALUES (1404, '370600', '370685', '招远市');
INSERT INTO `tb_dict_district` VALUES (1405, '370600', '370686', '栖霞市');
INSERT INTO `tb_dict_district` VALUES (1406, '370600', '370687', '海阳市');
INSERT INTO `tb_dict_district` VALUES (1407, '370700', '370701', '市辖区');
INSERT INTO `tb_dict_district` VALUES (1408, '370700', '370702', '潍城区');
INSERT INTO `tb_dict_district` VALUES (1409, '370700', '370703', '寒亭区');
INSERT INTO `tb_dict_district` VALUES (1410, '370700', '370704', '坊子区');
INSERT INTO `tb_dict_district` VALUES (1411, '370700', '370705', '奎文区');
INSERT INTO `tb_dict_district` VALUES (1412, '370700', '370724', '临朐县');
INSERT INTO `tb_dict_district` VALUES (1413, '370700', '370725', '昌乐县');
INSERT INTO `tb_dict_district` VALUES (1414, '370700', '370781', '青州市');
INSERT INTO `tb_dict_district` VALUES (1415, '370700', '370782', '诸城市');
INSERT INTO `tb_dict_district` VALUES (1416, '370700', '370783', '寿光市');
INSERT INTO `tb_dict_district` VALUES (1417, '370700', '370784', '安丘市');
INSERT INTO `tb_dict_district` VALUES (1418, '370700', '370785', '高密市');
INSERT INTO `tb_dict_district` VALUES (1419, '370700', '370786', '昌邑市');
INSERT INTO `tb_dict_district` VALUES (1420, '370800', '370801', '市辖区');
INSERT INTO `tb_dict_district` VALUES (1421, '370800', '370802', '市中区');
INSERT INTO `tb_dict_district` VALUES (1422, '370800', '370811', '任城区');
INSERT INTO `tb_dict_district` VALUES (1423, '370800', '370826', '微山县');
INSERT INTO `tb_dict_district` VALUES (1424, '370800', '370827', '鱼台县');
INSERT INTO `tb_dict_district` VALUES (1425, '370800', '370828', '金乡县');
INSERT INTO `tb_dict_district` VALUES (1426, '370800', '370829', '嘉祥县');
INSERT INTO `tb_dict_district` VALUES (1427, '370800', '370830', '汶上县');
INSERT INTO `tb_dict_district` VALUES (1428, '370800', '370831', '泗水县');
INSERT INTO `tb_dict_district` VALUES (1429, '370800', '370832', '梁山县');
INSERT INTO `tb_dict_district` VALUES (1430, '370800', '370881', '曲阜市');
INSERT INTO `tb_dict_district` VALUES (1431, '370800', '370882', '兖州市');
INSERT INTO `tb_dict_district` VALUES (1432, '370800', '370883', '邹城市');
INSERT INTO `tb_dict_district` VALUES (1433, '370900', '370901', '市辖区');
INSERT INTO `tb_dict_district` VALUES (1434, '370900', '370902', '泰山区');
INSERT INTO `tb_dict_district` VALUES (1435, '370900', '370903', '岱岳区');
INSERT INTO `tb_dict_district` VALUES (1436, '370900', '370921', '宁阳县');
INSERT INTO `tb_dict_district` VALUES (1437, '370900', '370923', '东平县');
INSERT INTO `tb_dict_district` VALUES (1438, '370900', '370982', '新泰市');
INSERT INTO `tb_dict_district` VALUES (1439, '370900', '370983', '肥城市');
INSERT INTO `tb_dict_district` VALUES (1440, '371000', '371001', '市辖区');
INSERT INTO `tb_dict_district` VALUES (1441, '371000', '371002', '环翠区');
INSERT INTO `tb_dict_district` VALUES (1442, '371000', '371081', '文登市');
INSERT INTO `tb_dict_district` VALUES (1443, '371000', '371082', '荣成市');
INSERT INTO `tb_dict_district` VALUES (1444, '371000', '371083', '乳山市');
INSERT INTO `tb_dict_district` VALUES (1445, '371100', '371101', '市辖区');
INSERT INTO `tb_dict_district` VALUES (1446, '371100', '371102', '东港区');
INSERT INTO `tb_dict_district` VALUES (1447, '371100', '371103', '岚山区');
INSERT INTO `tb_dict_district` VALUES (1448, '371100', '371121', '五莲县');
INSERT INTO `tb_dict_district` VALUES (1449, '371100', '371122', '莒　县');
INSERT INTO `tb_dict_district` VALUES (1450, '371200', '371201', '市辖区');
INSERT INTO `tb_dict_district` VALUES (1451, '371200', '371202', '莱城区');
INSERT INTO `tb_dict_district` VALUES (1452, '371200', '371203', '钢城区');
INSERT INTO `tb_dict_district` VALUES (1453, '371300', '371301', '市辖区');
INSERT INTO `tb_dict_district` VALUES (1454, '371300', '371302', '兰山区');
INSERT INTO `tb_dict_district` VALUES (1455, '371300', '371311', '罗庄区');
INSERT INTO `tb_dict_district` VALUES (1456, '371300', '371312', '河东区');
INSERT INTO `tb_dict_district` VALUES (1457, '371300', '371321', '沂南县');
INSERT INTO `tb_dict_district` VALUES (1458, '371300', '371322', '郯城县');
INSERT INTO `tb_dict_district` VALUES (1459, '371300', '371323', '沂水县');
INSERT INTO `tb_dict_district` VALUES (1460, '371300', '371324', '苍山县');
INSERT INTO `tb_dict_district` VALUES (1461, '371300', '371325', '费　县');
INSERT INTO `tb_dict_district` VALUES (1462, '371300', '371326', '平邑县');
INSERT INTO `tb_dict_district` VALUES (1463, '371300', '371327', '莒南县');
INSERT INTO `tb_dict_district` VALUES (1464, '371300', '371328', '蒙阴县');
INSERT INTO `tb_dict_district` VALUES (1465, '371300', '371329', '临沭县');
INSERT INTO `tb_dict_district` VALUES (1466, '371400', '371401', '市辖区');
INSERT INTO `tb_dict_district` VALUES (1467, '371400', '371402', '德城区');
INSERT INTO `tb_dict_district` VALUES (1468, '371400', '371421', '陵　县');
INSERT INTO `tb_dict_district` VALUES (1469, '371400', '371422', '宁津县');
INSERT INTO `tb_dict_district` VALUES (1470, '371400', '371423', '庆云县');
INSERT INTO `tb_dict_district` VALUES (1471, '371400', '371424', '临邑县');
INSERT INTO `tb_dict_district` VALUES (1472, '371400', '371425', '齐河县');
INSERT INTO `tb_dict_district` VALUES (1473, '371400', '371426', '平原县');
INSERT INTO `tb_dict_district` VALUES (1474, '371400', '371427', '夏津县');
INSERT INTO `tb_dict_district` VALUES (1475, '371400', '371428', '武城县');
INSERT INTO `tb_dict_district` VALUES (1476, '371400', '371481', '乐陵市');
INSERT INTO `tb_dict_district` VALUES (1477, '371400', '371482', '禹城市');
INSERT INTO `tb_dict_district` VALUES (1478, '371500', '371501', '市辖区');
INSERT INTO `tb_dict_district` VALUES (1479, '371500', '371502', '东昌府区');
INSERT INTO `tb_dict_district` VALUES (1480, '371500', '371521', '阳谷县');
INSERT INTO `tb_dict_district` VALUES (1481, '371500', '371522', '莘　县');
INSERT INTO `tb_dict_district` VALUES (1482, '371500', '371523', '茌平县');
INSERT INTO `tb_dict_district` VALUES (1483, '371500', '371524', '东阿县');
INSERT INTO `tb_dict_district` VALUES (1484, '371500', '371525', '冠　县');
INSERT INTO `tb_dict_district` VALUES (1485, '371500', '371526', '高唐县');
INSERT INTO `tb_dict_district` VALUES (1486, '371500', '371581', '临清市');
INSERT INTO `tb_dict_district` VALUES (1487, '371600', '371601', '市辖区');
INSERT INTO `tb_dict_district` VALUES (1488, '371600', '371602', '滨城区');
INSERT INTO `tb_dict_district` VALUES (1489, '371600', '371621', '惠民县');
INSERT INTO `tb_dict_district` VALUES (1490, '371600', '371622', '阳信县');
INSERT INTO `tb_dict_district` VALUES (1491, '371600', '371623', '无棣县');
INSERT INTO `tb_dict_district` VALUES (1492, '371600', '371624', '沾化县');
INSERT INTO `tb_dict_district` VALUES (1493, '371600', '371625', '博兴县');
INSERT INTO `tb_dict_district` VALUES (1494, '371600', '371626', '邹平县');
INSERT INTO `tb_dict_district` VALUES (1495, '371700', '371701', '市辖区');
INSERT INTO `tb_dict_district` VALUES (1496, '371700', '371702', '牡丹区');
INSERT INTO `tb_dict_district` VALUES (1497, '371700', '371721', '曹　县');
INSERT INTO `tb_dict_district` VALUES (1498, '371700', '371722', '单　县');
INSERT INTO `tb_dict_district` VALUES (1499, '371700', '371723', '成武县');
INSERT INTO `tb_dict_district` VALUES (1500, '371700', '371724', '巨野县');
INSERT INTO `tb_dict_district` VALUES (1501, '371700', '371725', '郓城县');
INSERT INTO `tb_dict_district` VALUES (1502, '371700', '371726', '鄄城县');
INSERT INTO `tb_dict_district` VALUES (1503, '371700', '371727', '定陶县');
INSERT INTO `tb_dict_district` VALUES (1504, '371700', '371728', '东明县');
INSERT INTO `tb_dict_district` VALUES (1505, '410100', '410101', '市辖区');
INSERT INTO `tb_dict_district` VALUES (1506, '410100', '410102', '中原区');
INSERT INTO `tb_dict_district` VALUES (1507, '410100', '410103', '二七区');
INSERT INTO `tb_dict_district` VALUES (1508, '410100', '410104', '管城回族区');
INSERT INTO `tb_dict_district` VALUES (1509, '410100', '410105', '金水区');
INSERT INTO `tb_dict_district` VALUES (1510, '410100', '410106', '上街区');
INSERT INTO `tb_dict_district` VALUES (1511, '410100', '410108', '邙山区');
INSERT INTO `tb_dict_district` VALUES (1512, '410100', '410122', '中牟县');
INSERT INTO `tb_dict_district` VALUES (1513, '410100', '410181', '巩义市');
INSERT INTO `tb_dict_district` VALUES (1514, '410100', '410182', '荥阳市');
INSERT INTO `tb_dict_district` VALUES (1515, '410100', '410183', '新密市');
INSERT INTO `tb_dict_district` VALUES (1516, '410100', '410184', '新郑市');
INSERT INTO `tb_dict_district` VALUES (1517, '410100', '410185', '登封市');
INSERT INTO `tb_dict_district` VALUES (1518, '410200', '410201', '市辖区');
INSERT INTO `tb_dict_district` VALUES (1519, '410200', '410202', '龙亭区');
INSERT INTO `tb_dict_district` VALUES (1520, '410200', '410203', '顺河回族区');
INSERT INTO `tb_dict_district` VALUES (1521, '410200', '410204', '鼓楼区');
INSERT INTO `tb_dict_district` VALUES (1522, '410200', '410205', '南关区');
INSERT INTO `tb_dict_district` VALUES (1523, '410200', '410211', '郊　区');
INSERT INTO `tb_dict_district` VALUES (1524, '410200', '410221', '杞　县');
INSERT INTO `tb_dict_district` VALUES (1525, '410200', '410222', '通许县');
INSERT INTO `tb_dict_district` VALUES (1526, '410200', '410223', '尉氏县');
INSERT INTO `tb_dict_district` VALUES (1527, '410200', '410224', '开封县');
INSERT INTO `tb_dict_district` VALUES (1528, '410200', '410225', '兰考县');
INSERT INTO `tb_dict_district` VALUES (1529, '410300', '410301', '市辖区');
INSERT INTO `tb_dict_district` VALUES (1530, '410300', '410302', '老城区');
INSERT INTO `tb_dict_district` VALUES (1531, '410300', '410303', '西工区');
INSERT INTO `tb_dict_district` VALUES (1532, '410300', '410304', '廛河回族区');
INSERT INTO `tb_dict_district` VALUES (1533, '410300', '410305', '涧西区');
INSERT INTO `tb_dict_district` VALUES (1534, '410300', '410306', '吉利区');
INSERT INTO `tb_dict_district` VALUES (1535, '410300', '410307', '洛龙区');
INSERT INTO `tb_dict_district` VALUES (1536, '410300', '410322', '孟津县');
INSERT INTO `tb_dict_district` VALUES (1537, '410300', '410323', '新安县');
INSERT INTO `tb_dict_district` VALUES (1538, '410300', '410324', '栾川县');
INSERT INTO `tb_dict_district` VALUES (1539, '410300', '410325', '嵩　县');
INSERT INTO `tb_dict_district` VALUES (1540, '410300', '410326', '汝阳县');
INSERT INTO `tb_dict_district` VALUES (1541, '410300', '410327', '宜阳县');
INSERT INTO `tb_dict_district` VALUES (1542, '410300', '410328', '洛宁县');
INSERT INTO `tb_dict_district` VALUES (1543, '410300', '410329', '伊川县');
INSERT INTO `tb_dict_district` VALUES (1544, '410300', '410381', '偃师市');
INSERT INTO `tb_dict_district` VALUES (1545, '410400', '410401', '市辖区');
INSERT INTO `tb_dict_district` VALUES (1546, '410400', '410402', '新华区');
INSERT INTO `tb_dict_district` VALUES (1547, '410400', '410403', '卫东区');
INSERT INTO `tb_dict_district` VALUES (1548, '410400', '410404', '石龙区');
INSERT INTO `tb_dict_district` VALUES (1549, '410400', '410411', '湛河区');
INSERT INTO `tb_dict_district` VALUES (1550, '410400', '410421', '宝丰县');
INSERT INTO `tb_dict_district` VALUES (1551, '410400', '410422', '叶　县');
INSERT INTO `tb_dict_district` VALUES (1552, '410400', '410423', '鲁山县');
INSERT INTO `tb_dict_district` VALUES (1553, '410400', '410425', '郏　县');
INSERT INTO `tb_dict_district` VALUES (1554, '410400', '410481', '舞钢市');
INSERT INTO `tb_dict_district` VALUES (1555, '410400', '410482', '汝州市');
INSERT INTO `tb_dict_district` VALUES (1556, '410500', '410501', '市辖区');
INSERT INTO `tb_dict_district` VALUES (1557, '410500', '410502', '文峰区');
INSERT INTO `tb_dict_district` VALUES (1558, '410500', '410503', '北关区');
INSERT INTO `tb_dict_district` VALUES (1559, '410500', '410505', '殷都区');
INSERT INTO `tb_dict_district` VALUES (1560, '410500', '410506', '龙安区');
INSERT INTO `tb_dict_district` VALUES (1561, '410500', '410522', '安阳县');
INSERT INTO `tb_dict_district` VALUES (1562, '410500', '410523', '汤阴县');
INSERT INTO `tb_dict_district` VALUES (1563, '410500', '410526', '滑　县');
INSERT INTO `tb_dict_district` VALUES (1564, '410500', '410527', '内黄县');
INSERT INTO `tb_dict_district` VALUES (1565, '410500', '410581', '林州市');
INSERT INTO `tb_dict_district` VALUES (1566, '410600', '410601', '市辖区');
INSERT INTO `tb_dict_district` VALUES (1567, '410600', '410602', '鹤山区');
INSERT INTO `tb_dict_district` VALUES (1568, '410600', '410603', '山城区');
INSERT INTO `tb_dict_district` VALUES (1569, '410600', '410611', '淇滨区');
INSERT INTO `tb_dict_district` VALUES (1570, '410600', '410621', '浚　县');
INSERT INTO `tb_dict_district` VALUES (1571, '410600', '410622', '淇　县');
INSERT INTO `tb_dict_district` VALUES (1572, '410700', '410701', '市辖区');
INSERT INTO `tb_dict_district` VALUES (1573, '410700', '410702', '红旗区');
INSERT INTO `tb_dict_district` VALUES (1574, '410700', '410703', '卫滨区');
INSERT INTO `tb_dict_district` VALUES (1575, '410700', '410704', '凤泉区');
INSERT INTO `tb_dict_district` VALUES (1576, '410700', '410711', '牧野区');
INSERT INTO `tb_dict_district` VALUES (1577, '410700', '410721', '新乡县');
INSERT INTO `tb_dict_district` VALUES (1578, '410700', '410724', '获嘉县');
INSERT INTO `tb_dict_district` VALUES (1579, '410700', '410725', '原阳县');
INSERT INTO `tb_dict_district` VALUES (1580, '410700', '410726', '延津县');
INSERT INTO `tb_dict_district` VALUES (1581, '410700', '410727', '封丘县');
INSERT INTO `tb_dict_district` VALUES (1582, '410700', '410728', '长垣县');
INSERT INTO `tb_dict_district` VALUES (1583, '410700', '410781', '卫辉市');
INSERT INTO `tb_dict_district` VALUES (1584, '410700', '410782', '辉县市');
INSERT INTO `tb_dict_district` VALUES (1585, '410800', '410801', '市辖区');
INSERT INTO `tb_dict_district` VALUES (1586, '410800', '410802', '解放区');
INSERT INTO `tb_dict_district` VALUES (1587, '410800', '410803', '中站区');
INSERT INTO `tb_dict_district` VALUES (1588, '410800', '410804', '马村区');
INSERT INTO `tb_dict_district` VALUES (1589, '410800', '410811', '山阳区');
INSERT INTO `tb_dict_district` VALUES (1590, '410800', '410821', '修武县');
INSERT INTO `tb_dict_district` VALUES (1591, '410800', '410822', '博爱县');
INSERT INTO `tb_dict_district` VALUES (1592, '410800', '410823', '武陟县');
INSERT INTO `tb_dict_district` VALUES (1593, '410800', '410825', '温　县');
INSERT INTO `tb_dict_district` VALUES (1594, '410800', '410881', '济源市');
INSERT INTO `tb_dict_district` VALUES (1595, '410800', '410882', '沁阳市');
INSERT INTO `tb_dict_district` VALUES (1596, '410800', '410883', '孟州市');
INSERT INTO `tb_dict_district` VALUES (1597, '410900', '410901', '市辖区');
INSERT INTO `tb_dict_district` VALUES (1598, '410900', '410902', '华龙区');
INSERT INTO `tb_dict_district` VALUES (1599, '410900', '410922', '清丰县');
INSERT INTO `tb_dict_district` VALUES (1600, '410900', '410923', '南乐县');
INSERT INTO `tb_dict_district` VALUES (1601, '410900', '410926', '范　县');
INSERT INTO `tb_dict_district` VALUES (1602, '410900', '410927', '台前县');
INSERT INTO `tb_dict_district` VALUES (1603, '410900', '410928', '濮阳县');
INSERT INTO `tb_dict_district` VALUES (1604, '411000', '411001', '市辖区');
INSERT INTO `tb_dict_district` VALUES (1605, '411000', '411002', '魏都区');
INSERT INTO `tb_dict_district` VALUES (1606, '411000', '411023', '许昌县');
INSERT INTO `tb_dict_district` VALUES (1607, '411000', '411024', '鄢陵县');
INSERT INTO `tb_dict_district` VALUES (1608, '411000', '411025', '襄城县');
INSERT INTO `tb_dict_district` VALUES (1609, '411000', '411081', '禹州市');
INSERT INTO `tb_dict_district` VALUES (1610, '411000', '411082', '长葛市');
INSERT INTO `tb_dict_district` VALUES (1611, '411100', '411101', '市辖区');
INSERT INTO `tb_dict_district` VALUES (1612, '411100', '411102', '源汇区');
INSERT INTO `tb_dict_district` VALUES (1613, '411100', '411103', '郾城区');
INSERT INTO `tb_dict_district` VALUES (1614, '411100', '411104', '召陵区');
INSERT INTO `tb_dict_district` VALUES (1615, '411100', '411121', '舞阳县');
INSERT INTO `tb_dict_district` VALUES (1616, '411100', '411122', '临颍县');
INSERT INTO `tb_dict_district` VALUES (1617, '411200', '411201', '市辖区');
INSERT INTO `tb_dict_district` VALUES (1618, '411200', '411202', '湖滨区');
INSERT INTO `tb_dict_district` VALUES (1619, '411200', '411221', '渑池县');
INSERT INTO `tb_dict_district` VALUES (1620, '411200', '411222', '陕　县');
INSERT INTO `tb_dict_district` VALUES (1621, '411200', '411224', '卢氏县');
INSERT INTO `tb_dict_district` VALUES (1622, '411200', '411281', '义马市');
INSERT INTO `tb_dict_district` VALUES (1623, '411200', '411282', '灵宝市');
INSERT INTO `tb_dict_district` VALUES (1624, '411300', '411301', '市辖区');
INSERT INTO `tb_dict_district` VALUES (1625, '411300', '411302', '宛城区');
INSERT INTO `tb_dict_district` VALUES (1626, '411300', '411303', '卧龙区');
INSERT INTO `tb_dict_district` VALUES (1627, '411300', '411321', '南召县');
INSERT INTO `tb_dict_district` VALUES (1628, '411300', '411322', '方城县');
INSERT INTO `tb_dict_district` VALUES (1629, '411300', '411323', '西峡县');
INSERT INTO `tb_dict_district` VALUES (1630, '411300', '411324', '镇平县');
INSERT INTO `tb_dict_district` VALUES (1631, '411300', '411325', '内乡县');
INSERT INTO `tb_dict_district` VALUES (1632, '411300', '411326', '淅川县');
INSERT INTO `tb_dict_district` VALUES (1633, '411300', '411327', '社旗县');
INSERT INTO `tb_dict_district` VALUES (1634, '411300', '411328', '唐河县');
INSERT INTO `tb_dict_district` VALUES (1635, '411300', '411329', '新野县');
INSERT INTO `tb_dict_district` VALUES (1636, '411300', '411330', '桐柏县');
INSERT INTO `tb_dict_district` VALUES (1637, '411300', '411381', '邓州市');
INSERT INTO `tb_dict_district` VALUES (1638, '411400', '411401', '市辖区');
INSERT INTO `tb_dict_district` VALUES (1639, '411400', '411402', '梁园区');
INSERT INTO `tb_dict_district` VALUES (1640, '411400', '411403', '睢阳区');
INSERT INTO `tb_dict_district` VALUES (1641, '411400', '411421', '民权县');
INSERT INTO `tb_dict_district` VALUES (1642, '411400', '411422', '睢　县');
INSERT INTO `tb_dict_district` VALUES (1643, '411400', '411423', '宁陵县');
INSERT INTO `tb_dict_district` VALUES (1644, '411400', '411424', '柘城县');
INSERT INTO `tb_dict_district` VALUES (1645, '411400', '411425', '虞城县');
INSERT INTO `tb_dict_district` VALUES (1646, '411400', '411426', '夏邑县');
INSERT INTO `tb_dict_district` VALUES (1647, '411400', '411481', '永城市');
INSERT INTO `tb_dict_district` VALUES (1648, '411500', '411501', '市辖区');
INSERT INTO `tb_dict_district` VALUES (1649, '411500', '411502', '师河区');
INSERT INTO `tb_dict_district` VALUES (1650, '411500', '411503', '平桥区');
INSERT INTO `tb_dict_district` VALUES (1651, '411500', '411521', '罗山县');
INSERT INTO `tb_dict_district` VALUES (1652, '411500', '411522', '光山县');
INSERT INTO `tb_dict_district` VALUES (1653, '411500', '411523', '新　县');
INSERT INTO `tb_dict_district` VALUES (1654, '411500', '411524', '商城县');
INSERT INTO `tb_dict_district` VALUES (1655, '411500', '411525', '固始县');
INSERT INTO `tb_dict_district` VALUES (1656, '411500', '411526', '潢川县');
INSERT INTO `tb_dict_district` VALUES (1657, '411500', '411527', '淮滨县');
INSERT INTO `tb_dict_district` VALUES (1658, '411500', '411528', '息　县');
INSERT INTO `tb_dict_district` VALUES (1659, '411600', '411601', '市辖区');
INSERT INTO `tb_dict_district` VALUES (1660, '411600', '411602', '川汇区');
INSERT INTO `tb_dict_district` VALUES (1661, '411600', '411621', '扶沟县');
INSERT INTO `tb_dict_district` VALUES (1662, '411600', '411622', '西华县');
INSERT INTO `tb_dict_district` VALUES (1663, '411600', '411623', '商水县');
INSERT INTO `tb_dict_district` VALUES (1664, '411600', '411624', '沈丘县');
INSERT INTO `tb_dict_district` VALUES (1665, '411600', '411625', '郸城县');
INSERT INTO `tb_dict_district` VALUES (1666, '411600', '411626', '淮阳县');
INSERT INTO `tb_dict_district` VALUES (1667, '411600', '411627', '太康县');
INSERT INTO `tb_dict_district` VALUES (1668, '411600', '411628', '鹿邑县');
INSERT INTO `tb_dict_district` VALUES (1669, '411600', '411681', '项城市');
INSERT INTO `tb_dict_district` VALUES (1670, '411700', '411701', '市辖区');
INSERT INTO `tb_dict_district` VALUES (1671, '411700', '411702', '驿城区');
INSERT INTO `tb_dict_district` VALUES (1672, '411700', '411721', '西平县');
INSERT INTO `tb_dict_district` VALUES (1673, '411700', '411722', '上蔡县');
INSERT INTO `tb_dict_district` VALUES (1674, '411700', '411723', '平舆县');
INSERT INTO `tb_dict_district` VALUES (1675, '411700', '411724', '正阳县');
INSERT INTO `tb_dict_district` VALUES (1676, '411700', '411725', '确山县');
INSERT INTO `tb_dict_district` VALUES (1677, '411700', '411726', '泌阳县');
INSERT INTO `tb_dict_district` VALUES (1678, '411700', '411727', '汝南县');
INSERT INTO `tb_dict_district` VALUES (1679, '411700', '411728', '遂平县');
INSERT INTO `tb_dict_district` VALUES (1680, '411700', '411729', '新蔡县');
INSERT INTO `tb_dict_district` VALUES (1681, '420100', '420101', '市辖区');
INSERT INTO `tb_dict_district` VALUES (1682, '420100', '420102', '江岸区');
INSERT INTO `tb_dict_district` VALUES (1683, '420100', '420103', '江汉区');
INSERT INTO `tb_dict_district` VALUES (1684, '420100', '420104', '乔口区');
INSERT INTO `tb_dict_district` VALUES (1685, '420100', '420105', '汉阳区');
INSERT INTO `tb_dict_district` VALUES (1686, '420100', '420106', '武昌区');
INSERT INTO `tb_dict_district` VALUES (1687, '420100', '420107', '青山区');
INSERT INTO `tb_dict_district` VALUES (1688, '420100', '420111', '洪山区');
INSERT INTO `tb_dict_district` VALUES (1689, '420100', '420112', '东西湖区');
INSERT INTO `tb_dict_district` VALUES (1690, '420100', '420113', '汉南区');
INSERT INTO `tb_dict_district` VALUES (1691, '420100', '420114', '蔡甸区');
INSERT INTO `tb_dict_district` VALUES (1692, '420100', '420115', '江夏区');
INSERT INTO `tb_dict_district` VALUES (1693, '420100', '420116', '黄陂区');
INSERT INTO `tb_dict_district` VALUES (1694, '420100', '420117', '新洲区');
INSERT INTO `tb_dict_district` VALUES (1695, '420200', '420201', '市辖区');
INSERT INTO `tb_dict_district` VALUES (1696, '420200', '420202', '黄石港区');
INSERT INTO `tb_dict_district` VALUES (1697, '420200', '420203', '西塞山区');
INSERT INTO `tb_dict_district` VALUES (1698, '420200', '420204', '下陆区');
INSERT INTO `tb_dict_district` VALUES (1699, '420200', '420205', '铁山区');
INSERT INTO `tb_dict_district` VALUES (1700, '420200', '420222', '阳新县');
INSERT INTO `tb_dict_district` VALUES (1701, '420200', '420281', '大冶市');
INSERT INTO `tb_dict_district` VALUES (1702, '420300', '420301', '市辖区');
INSERT INTO `tb_dict_district` VALUES (1703, '420300', '420302', '茅箭区');
INSERT INTO `tb_dict_district` VALUES (1704, '420300', '420303', '张湾区');
INSERT INTO `tb_dict_district` VALUES (1705, '420300', '420321', '郧　县');
INSERT INTO `tb_dict_district` VALUES (1706, '420300', '420322', '郧西县');
INSERT INTO `tb_dict_district` VALUES (1707, '420300', '420323', '竹山县');
INSERT INTO `tb_dict_district` VALUES (1708, '420300', '420324', '竹溪县');
INSERT INTO `tb_dict_district` VALUES (1709, '420300', '420325', '房　县');
INSERT INTO `tb_dict_district` VALUES (1710, '420300', '420381', '丹江口市');
INSERT INTO `tb_dict_district` VALUES (1711, '420500', '420501', '市辖区');
INSERT INTO `tb_dict_district` VALUES (1712, '420500', '420502', '西陵区');
INSERT INTO `tb_dict_district` VALUES (1713, '420500', '420503', '伍家岗区');
INSERT INTO `tb_dict_district` VALUES (1714, '420500', '420504', '点军区');
INSERT INTO `tb_dict_district` VALUES (1715, '420500', '420505', '猇亭区');
INSERT INTO `tb_dict_district` VALUES (1716, '420500', '420506', '夷陵区');
INSERT INTO `tb_dict_district` VALUES (1717, '420500', '420525', '远安县');
INSERT INTO `tb_dict_district` VALUES (1718, '420500', '420526', '兴山县');
INSERT INTO `tb_dict_district` VALUES (1719, '420500', '420527', '秭归县');
INSERT INTO `tb_dict_district` VALUES (1720, '420500', '420528', '长阳土家族自治县');
INSERT INTO `tb_dict_district` VALUES (1721, '420500', '420529', '五峰土家族自治县');
INSERT INTO `tb_dict_district` VALUES (1722, '420500', '420581', '宜都市');
INSERT INTO `tb_dict_district` VALUES (1723, '420500', '420582', '当阳市');
INSERT INTO `tb_dict_district` VALUES (1724, '420500', '420583', '枝江市');
INSERT INTO `tb_dict_district` VALUES (1725, '420600', '420601', '市辖区');
INSERT INTO `tb_dict_district` VALUES (1726, '420600', '420602', '襄城区');
INSERT INTO `tb_dict_district` VALUES (1727, '420600', '420606', '樊城区');
INSERT INTO `tb_dict_district` VALUES (1728, '420600', '420607', '襄阳区');
INSERT INTO `tb_dict_district` VALUES (1729, '420600', '420624', '南漳县');
INSERT INTO `tb_dict_district` VALUES (1730, '420600', '420625', '谷城县');
INSERT INTO `tb_dict_district` VALUES (1731, '420600', '420626', '保康县');
INSERT INTO `tb_dict_district` VALUES (1732, '420600', '420682', '老河口市');
INSERT INTO `tb_dict_district` VALUES (1733, '420600', '420683', '枣阳市');
INSERT INTO `tb_dict_district` VALUES (1734, '420600', '420684', '宜城市');
INSERT INTO `tb_dict_district` VALUES (1735, '420700', '420701', '市辖区');
INSERT INTO `tb_dict_district` VALUES (1736, '420700', '420702', '梁子湖区');
INSERT INTO `tb_dict_district` VALUES (1737, '420700', '420703', '华容区');
INSERT INTO `tb_dict_district` VALUES (1738, '420700', '420704', '鄂城区');
INSERT INTO `tb_dict_district` VALUES (1739, '420800', '420801', '市辖区');
INSERT INTO `tb_dict_district` VALUES (1740, '420800', '420802', '东宝区');
INSERT INTO `tb_dict_district` VALUES (1741, '420800', '420804', '掇刀区');
INSERT INTO `tb_dict_district` VALUES (1742, '420800', '420821', '京山县');
INSERT INTO `tb_dict_district` VALUES (1743, '420800', '420822', '沙洋县');
INSERT INTO `tb_dict_district` VALUES (1744, '420800', '420881', '钟祥市');
INSERT INTO `tb_dict_district` VALUES (1745, '420900', '420901', '市辖区');
INSERT INTO `tb_dict_district` VALUES (1746, '420900', '420902', '孝南区');
INSERT INTO `tb_dict_district` VALUES (1747, '420900', '420921', '孝昌县');
INSERT INTO `tb_dict_district` VALUES (1748, '420900', '420922', '大悟县');
INSERT INTO `tb_dict_district` VALUES (1749, '420900', '420923', '云梦县');
INSERT INTO `tb_dict_district` VALUES (1750, '420900', '420981', '应城市');
INSERT INTO `tb_dict_district` VALUES (1751, '420900', '420982', '安陆市');
INSERT INTO `tb_dict_district` VALUES (1752, '420900', '420984', '汉川市');
INSERT INTO `tb_dict_district` VALUES (1753, '421000', '421001', '市辖区');
INSERT INTO `tb_dict_district` VALUES (1754, '421000', '421002', '沙市区');
INSERT INTO `tb_dict_district` VALUES (1755, '421000', '421003', '荆州区');
INSERT INTO `tb_dict_district` VALUES (1756, '421000', '421022', '公安县');
INSERT INTO `tb_dict_district` VALUES (1757, '421000', '421023', '监利县');
INSERT INTO `tb_dict_district` VALUES (1758, '421000', '421024', '江陵县');
INSERT INTO `tb_dict_district` VALUES (1759, '421000', '421081', '石首市');
INSERT INTO `tb_dict_district` VALUES (1760, '421000', '421083', '洪湖市');
INSERT INTO `tb_dict_district` VALUES (1761, '421000', '421087', '松滋市');
INSERT INTO `tb_dict_district` VALUES (1762, '421100', '421101', '市辖区');
INSERT INTO `tb_dict_district` VALUES (1763, '421100', '421102', '黄州区');
INSERT INTO `tb_dict_district` VALUES (1764, '421100', '421121', '团风县');
INSERT INTO `tb_dict_district` VALUES (1765, '421100', '421122', '红安县');
INSERT INTO `tb_dict_district` VALUES (1766, '421100', '421123', '罗田县');
INSERT INTO `tb_dict_district` VALUES (1767, '421100', '421124', '英山县');
INSERT INTO `tb_dict_district` VALUES (1768, '421100', '421125', '浠水县');
INSERT INTO `tb_dict_district` VALUES (1769, '421100', '421126', '蕲春县');
INSERT INTO `tb_dict_district` VALUES (1770, '421100', '421127', '黄梅县');
INSERT INTO `tb_dict_district` VALUES (1771, '421100', '421181', '麻城市');
INSERT INTO `tb_dict_district` VALUES (1772, '421100', '421182', '武穴市');
INSERT INTO `tb_dict_district` VALUES (1773, '421200', '421201', '市辖区');
INSERT INTO `tb_dict_district` VALUES (1774, '421200', '421202', '咸安区');
INSERT INTO `tb_dict_district` VALUES (1775, '421200', '421221', '嘉鱼县');
INSERT INTO `tb_dict_district` VALUES (1776, '421200', '421222', '通城县');
INSERT INTO `tb_dict_district` VALUES (1777, '421200', '421223', '崇阳县');
INSERT INTO `tb_dict_district` VALUES (1778, '421200', '421224', '通山县');
INSERT INTO `tb_dict_district` VALUES (1779, '421200', '421281', '赤壁市');
INSERT INTO `tb_dict_district` VALUES (1780, '421300', '421301', '市辖区');
INSERT INTO `tb_dict_district` VALUES (1781, '421300', '421302', '曾都区');
INSERT INTO `tb_dict_district` VALUES (1782, '421300', '421381', '广水市');
INSERT INTO `tb_dict_district` VALUES (1783, '422800', '422801', '恩施市');
INSERT INTO `tb_dict_district` VALUES (1784, '422800', '422802', '利川市');
INSERT INTO `tb_dict_district` VALUES (1785, '422800', '422822', '建始县');
INSERT INTO `tb_dict_district` VALUES (1786, '422800', '422823', '巴东县');
INSERT INTO `tb_dict_district` VALUES (1787, '422800', '422825', '宣恩县');
INSERT INTO `tb_dict_district` VALUES (1788, '422800', '422826', '咸丰县');
INSERT INTO `tb_dict_district` VALUES (1789, '422800', '422827', '来凤县');
INSERT INTO `tb_dict_district` VALUES (1790, '422800', '422828', '鹤峰县');
INSERT INTO `tb_dict_district` VALUES (1791, '429000', '429004', '仙桃市');
INSERT INTO `tb_dict_district` VALUES (1792, '429000', '429005', '潜江市');
INSERT INTO `tb_dict_district` VALUES (1793, '429000', '429006', '天门市');
INSERT INTO `tb_dict_district` VALUES (1794, '429000', '429021', '神农架林区');
INSERT INTO `tb_dict_district` VALUES (1795, '430100', '430101', '市辖区');
INSERT INTO `tb_dict_district` VALUES (1796, '430100', '430102', '芙蓉区');
INSERT INTO `tb_dict_district` VALUES (1797, '430100', '430103', '天心区');
INSERT INTO `tb_dict_district` VALUES (1798, '430100', '430104', '岳麓区');
INSERT INTO `tb_dict_district` VALUES (1799, '430100', '430105', '开福区');
INSERT INTO `tb_dict_district` VALUES (1800, '430100', '430111', '雨花区');
INSERT INTO `tb_dict_district` VALUES (1801, '430100', '430121', '长沙县');
INSERT INTO `tb_dict_district` VALUES (1802, '430100', '430122', '望城县');
INSERT INTO `tb_dict_district` VALUES (1803, '430100', '430124', '宁乡县');
INSERT INTO `tb_dict_district` VALUES (1804, '430100', '430181', '浏阳市');
INSERT INTO `tb_dict_district` VALUES (1805, '430200', '430201', '市辖区');
INSERT INTO `tb_dict_district` VALUES (1806, '430200', '430202', '荷塘区');
INSERT INTO `tb_dict_district` VALUES (1807, '430200', '430203', '芦淞区');
INSERT INTO `tb_dict_district` VALUES (1808, '430200', '430204', '石峰区');
INSERT INTO `tb_dict_district` VALUES (1809, '430200', '430211', '天元区');
INSERT INTO `tb_dict_district` VALUES (1810, '430200', '430221', '株洲县');
INSERT INTO `tb_dict_district` VALUES (1811, '430200', '430223', '攸　县');
INSERT INTO `tb_dict_district` VALUES (1812, '430200', '430224', '茶陵县');
INSERT INTO `tb_dict_district` VALUES (1813, '430200', '430225', '炎陵县');
INSERT INTO `tb_dict_district` VALUES (1814, '430200', '430281', '醴陵市');
INSERT INTO `tb_dict_district` VALUES (1815, '430300', '430301', '市辖区');
INSERT INTO `tb_dict_district` VALUES (1816, '430300', '430302', '雨湖区');
INSERT INTO `tb_dict_district` VALUES (1817, '430300', '430304', '岳塘区');
INSERT INTO `tb_dict_district` VALUES (1818, '430300', '430321', '湘潭县');
INSERT INTO `tb_dict_district` VALUES (1819, '430300', '430381', '湘乡市');
INSERT INTO `tb_dict_district` VALUES (1820, '430300', '430382', '韶山市');
INSERT INTO `tb_dict_district` VALUES (1821, '430400', '430401', '市辖区');
INSERT INTO `tb_dict_district` VALUES (1822, '430400', '430405', '珠晖区');
INSERT INTO `tb_dict_district` VALUES (1823, '430400', '430406', '雁峰区');
INSERT INTO `tb_dict_district` VALUES (1824, '430400', '430407', '石鼓区');
INSERT INTO `tb_dict_district` VALUES (1825, '430400', '430408', '蒸湘区');
INSERT INTO `tb_dict_district` VALUES (1826, '430400', '430412', '南岳区');
INSERT INTO `tb_dict_district` VALUES (1827, '430400', '430421', '衡阳县');
INSERT INTO `tb_dict_district` VALUES (1828, '430400', '430422', '衡南县');
INSERT INTO `tb_dict_district` VALUES (1829, '430400', '430423', '衡山县');
INSERT INTO `tb_dict_district` VALUES (1830, '430400', '430424', '衡东县');
INSERT INTO `tb_dict_district` VALUES (1831, '430400', '430426', '祁东县');
INSERT INTO `tb_dict_district` VALUES (1832, '430400', '430481', '耒阳市');
INSERT INTO `tb_dict_district` VALUES (1833, '430400', '430482', '常宁市');
INSERT INTO `tb_dict_district` VALUES (1834, '430500', '430501', '市辖区');
INSERT INTO `tb_dict_district` VALUES (1835, '430500', '430502', '双清区');
INSERT INTO `tb_dict_district` VALUES (1836, '430500', '430503', '大祥区');
INSERT INTO `tb_dict_district` VALUES (1837, '430500', '430511', '北塔区');
INSERT INTO `tb_dict_district` VALUES (1838, '430500', '430521', '邵东县');
INSERT INTO `tb_dict_district` VALUES (1839, '430500', '430522', '新邵县');
INSERT INTO `tb_dict_district` VALUES (1840, '430500', '430523', '邵阳县');
INSERT INTO `tb_dict_district` VALUES (1841, '430500', '430524', '隆回县');
INSERT INTO `tb_dict_district` VALUES (1842, '430500', '430525', '洞口县');
INSERT INTO `tb_dict_district` VALUES (1843, '430500', '430527', '绥宁县');
INSERT INTO `tb_dict_district` VALUES (1844, '430500', '430528', '新宁县');
INSERT INTO `tb_dict_district` VALUES (1845, '430500', '430529', '城步苗族自治县');
INSERT INTO `tb_dict_district` VALUES (1846, '430500', '430581', '武冈市');
INSERT INTO `tb_dict_district` VALUES (1847, '430600', '430601', '市辖区');
INSERT INTO `tb_dict_district` VALUES (1848, '430600', '430602', '岳阳楼区');
INSERT INTO `tb_dict_district` VALUES (1849, '430600', '430603', '云溪区');
INSERT INTO `tb_dict_district` VALUES (1850, '430600', '430611', '君山区');
INSERT INTO `tb_dict_district` VALUES (1851, '430600', '430621', '岳阳县');
INSERT INTO `tb_dict_district` VALUES (1852, '430600', '430623', '华容县');
INSERT INTO `tb_dict_district` VALUES (1853, '430600', '430624', '湘阴县');
INSERT INTO `tb_dict_district` VALUES (1854, '430600', '430626', '平江县');
INSERT INTO `tb_dict_district` VALUES (1855, '430600', '430681', '汨罗市');
INSERT INTO `tb_dict_district` VALUES (1856, '430600', '430682', '临湘市');
INSERT INTO `tb_dict_district` VALUES (1857, '430700', '430701', '市辖区');
INSERT INTO `tb_dict_district` VALUES (1858, '430700', '430702', '武陵区');
INSERT INTO `tb_dict_district` VALUES (1859, '430700', '430703', '鼎城区');
INSERT INTO `tb_dict_district` VALUES (1860, '430700', '430721', '安乡县');
INSERT INTO `tb_dict_district` VALUES (1861, '430700', '430722', '汉寿县');
INSERT INTO `tb_dict_district` VALUES (1862, '430700', '430723', '澧　县');
INSERT INTO `tb_dict_district` VALUES (1863, '430700', '430724', '临澧县');
INSERT INTO `tb_dict_district` VALUES (1864, '430700', '430725', '桃源县');
INSERT INTO `tb_dict_district` VALUES (1865, '430700', '430726', '石门县');
INSERT INTO `tb_dict_district` VALUES (1866, '430700', '430781', '津市市');
INSERT INTO `tb_dict_district` VALUES (1867, '430800', '430801', '市辖区');
INSERT INTO `tb_dict_district` VALUES (1868, '430800', '430802', '永定区');
INSERT INTO `tb_dict_district` VALUES (1869, '430800', '430811', '武陵源区');
INSERT INTO `tb_dict_district` VALUES (1870, '430800', '430821', '慈利县');
INSERT INTO `tb_dict_district` VALUES (1871, '430800', '430822', '桑植县');
INSERT INTO `tb_dict_district` VALUES (1872, '430900', '430901', '市辖区');
INSERT INTO `tb_dict_district` VALUES (1873, '430900', '430902', '资阳区');
INSERT INTO `tb_dict_district` VALUES (1874, '430900', '430903', '赫山区');
INSERT INTO `tb_dict_district` VALUES (1875, '430900', '430921', '南　县');
INSERT INTO `tb_dict_district` VALUES (1876, '430900', '430922', '桃江县');
INSERT INTO `tb_dict_district` VALUES (1877, '430900', '430923', '安化县');
INSERT INTO `tb_dict_district` VALUES (1878, '430900', '430981', '沅江市');
INSERT INTO `tb_dict_district` VALUES (1879, '431000', '431001', '市辖区');
INSERT INTO `tb_dict_district` VALUES (1880, '431000', '431002', '北湖区');
INSERT INTO `tb_dict_district` VALUES (1881, '431000', '431003', '苏仙区');
INSERT INTO `tb_dict_district` VALUES (1882, '431000', '431021', '桂阳县');
INSERT INTO `tb_dict_district` VALUES (1883, '431000', '431022', '宜章县');
INSERT INTO `tb_dict_district` VALUES (1884, '431000', '431023', '永兴县');
INSERT INTO `tb_dict_district` VALUES (1885, '431000', '431024', '嘉禾县');
INSERT INTO `tb_dict_district` VALUES (1886, '431000', '431025', '临武县');
INSERT INTO `tb_dict_district` VALUES (1887, '431000', '431026', '汝城县');
INSERT INTO `tb_dict_district` VALUES (1888, '431000', '431027', '桂东县');
INSERT INTO `tb_dict_district` VALUES (1889, '431000', '431028', '安仁县');
INSERT INTO `tb_dict_district` VALUES (1890, '431000', '431081', '资兴市');
INSERT INTO `tb_dict_district` VALUES (1891, '431100', '431101', '市辖区');
INSERT INTO `tb_dict_district` VALUES (1892, '431100', '431102', '芝山区');
INSERT INTO `tb_dict_district` VALUES (1893, '431100', '431103', '冷水滩区');
INSERT INTO `tb_dict_district` VALUES (1894, '431100', '431121', '祁阳县');
INSERT INTO `tb_dict_district` VALUES (1895, '431100', '431122', '东安县');
INSERT INTO `tb_dict_district` VALUES (1896, '431100', '431123', '双牌县');
INSERT INTO `tb_dict_district` VALUES (1897, '431100', '431124', '道　县');
INSERT INTO `tb_dict_district` VALUES (1898, '431100', '431125', '江永县');
INSERT INTO `tb_dict_district` VALUES (1899, '431100', '431126', '宁远县');
INSERT INTO `tb_dict_district` VALUES (1900, '431100', '431127', '蓝山县');
INSERT INTO `tb_dict_district` VALUES (1901, '431100', '431128', '新田县');
INSERT INTO `tb_dict_district` VALUES (1902, '431100', '431129', '江华瑶族自治县');
INSERT INTO `tb_dict_district` VALUES (1903, '431200', '431201', '市辖区');
INSERT INTO `tb_dict_district` VALUES (1904, '431200', '431202', '鹤城区');
INSERT INTO `tb_dict_district` VALUES (1905, '431200', '431221', '中方县');
INSERT INTO `tb_dict_district` VALUES (1906, '431200', '431222', '沅陵县');
INSERT INTO `tb_dict_district` VALUES (1907, '431200', '431223', '辰溪县');
INSERT INTO `tb_dict_district` VALUES (1908, '431200', '431224', '溆浦县');
INSERT INTO `tb_dict_district` VALUES (1909, '431200', '431225', '会同县');
INSERT INTO `tb_dict_district` VALUES (1910, '431200', '431226', '麻阳苗族自治县');
INSERT INTO `tb_dict_district` VALUES (1911, '431200', '431227', '新晃侗族自治县');
INSERT INTO `tb_dict_district` VALUES (1912, '431200', '431228', '芷江侗族自治县');
INSERT INTO `tb_dict_district` VALUES (1913, '431200', '431229', '靖州苗族侗族自治县');
INSERT INTO `tb_dict_district` VALUES (1914, '431200', '431230', '通道侗族自治县');
INSERT INTO `tb_dict_district` VALUES (1915, '431200', '431281', '洪江市');
INSERT INTO `tb_dict_district` VALUES (1916, '431300', '431301', '市辖区');
INSERT INTO `tb_dict_district` VALUES (1917, '431300', '431302', '娄星区');
INSERT INTO `tb_dict_district` VALUES (1918, '431300', '431321', '双峰县');
INSERT INTO `tb_dict_district` VALUES (1919, '431300', '431322', '新化县');
INSERT INTO `tb_dict_district` VALUES (1920, '431300', '431381', '冷水江市');
INSERT INTO `tb_dict_district` VALUES (1921, '431300', '431382', '涟源市');
INSERT INTO `tb_dict_district` VALUES (1922, '433100', '433101', '吉首市');
INSERT INTO `tb_dict_district` VALUES (1923, '433100', '433122', '泸溪县');
INSERT INTO `tb_dict_district` VALUES (1924, '433100', '433123', '凤凰县');
INSERT INTO `tb_dict_district` VALUES (1925, '433100', '433124', '花垣县');
INSERT INTO `tb_dict_district` VALUES (1926, '433100', '433125', '保靖县');
INSERT INTO `tb_dict_district` VALUES (1927, '433100', '433126', '古丈县');
INSERT INTO `tb_dict_district` VALUES (1928, '433100', '433127', '永顺县');
INSERT INTO `tb_dict_district` VALUES (1929, '433100', '433130', '龙山县');
INSERT INTO `tb_dict_district` VALUES (1930, '440100', '440101', '市辖区');
INSERT INTO `tb_dict_district` VALUES (1931, '440100', '440102', '东山区');
INSERT INTO `tb_dict_district` VALUES (1932, '440100', '440103', '荔湾区');
INSERT INTO `tb_dict_district` VALUES (1933, '440100', '440104', '越秀区');
INSERT INTO `tb_dict_district` VALUES (1934, '440100', '440105', '海珠区');
INSERT INTO `tb_dict_district` VALUES (1935, '440100', '440106', '天河区');
INSERT INTO `tb_dict_district` VALUES (1936, '440100', '440107', '芳村区');
INSERT INTO `tb_dict_district` VALUES (1937, '440100', '440111', '白云区');
INSERT INTO `tb_dict_district` VALUES (1938, '440100', '440112', '黄埔区');
INSERT INTO `tb_dict_district` VALUES (1939, '440100', '440113', '番禺区');
INSERT INTO `tb_dict_district` VALUES (1940, '440100', '440114', '花都区');
INSERT INTO `tb_dict_district` VALUES (1941, '440100', '440183', '增城市');
INSERT INTO `tb_dict_district` VALUES (1942, '440100', '440184', '从化市');
INSERT INTO `tb_dict_district` VALUES (1943, '440200', '440201', '市辖区');
INSERT INTO `tb_dict_district` VALUES (1944, '440200', '440203', '武江区');
INSERT INTO `tb_dict_district` VALUES (1945, '440200', '440204', '浈江区');
INSERT INTO `tb_dict_district` VALUES (1946, '440200', '440205', '曲江区');
INSERT INTO `tb_dict_district` VALUES (1947, '440200', '440222', '始兴县');
INSERT INTO `tb_dict_district` VALUES (1948, '440200', '440224', '仁化县');
INSERT INTO `tb_dict_district` VALUES (1949, '440200', '440229', '翁源县');
INSERT INTO `tb_dict_district` VALUES (1950, '440200', '440232', '乳源瑶族自治县');
INSERT INTO `tb_dict_district` VALUES (1951, '440200', '440233', '新丰县');
INSERT INTO `tb_dict_district` VALUES (1952, '440200', '440281', '乐昌市');
INSERT INTO `tb_dict_district` VALUES (1953, '440200', '440282', '南雄市');
INSERT INTO `tb_dict_district` VALUES (1954, '440300', '440301', '市辖区');
INSERT INTO `tb_dict_district` VALUES (1955, '440300', '440303', '罗湖区');
INSERT INTO `tb_dict_district` VALUES (1956, '440300', '440304', '福田区');
INSERT INTO `tb_dict_district` VALUES (1957, '440300', '440305', '南山区');
INSERT INTO `tb_dict_district` VALUES (1958, '440300', '440306', '宝安区');
INSERT INTO `tb_dict_district` VALUES (1959, '440300', '440307', '龙岗区');
INSERT INTO `tb_dict_district` VALUES (1960, '440300', '440308', '盐田区');
INSERT INTO `tb_dict_district` VALUES (1961, '440400', '440401', '市辖区');
INSERT INTO `tb_dict_district` VALUES (1962, '440400', '440402', '香洲区');
INSERT INTO `tb_dict_district` VALUES (1963, '440400', '440403', '斗门区');
INSERT INTO `tb_dict_district` VALUES (1964, '440400', '440404', '金湾区');
INSERT INTO `tb_dict_district` VALUES (1965, '440500', '440501', '市辖区');
INSERT INTO `tb_dict_district` VALUES (1966, '440500', '440507', '龙湖区');
INSERT INTO `tb_dict_district` VALUES (1967, '440500', '440511', '金平区');
INSERT INTO `tb_dict_district` VALUES (1968, '440500', '440512', '濠江区');
INSERT INTO `tb_dict_district` VALUES (1969, '440500', '440513', '潮阳区');
INSERT INTO `tb_dict_district` VALUES (1970, '440500', '440514', '潮南区');
INSERT INTO `tb_dict_district` VALUES (1971, '440500', '440515', '澄海区');
INSERT INTO `tb_dict_district` VALUES (1972, '440500', '440523', '南澳县');
INSERT INTO `tb_dict_district` VALUES (1973, '440600', '440601', '市辖区');
INSERT INTO `tb_dict_district` VALUES (1974, '440600', '440604', '禅城区');
INSERT INTO `tb_dict_district` VALUES (1975, '440600', '440605', '南海区');
INSERT INTO `tb_dict_district` VALUES (1976, '440600', '440606', '顺德区');
INSERT INTO `tb_dict_district` VALUES (1977, '440600', '440607', '三水区');
INSERT INTO `tb_dict_district` VALUES (1978, '440600', '440608', '高明区');
INSERT INTO `tb_dict_district` VALUES (1979, '440700', '440701', '市辖区');
INSERT INTO `tb_dict_district` VALUES (1980, '440700', '440703', '蓬江区');
INSERT INTO `tb_dict_district` VALUES (1981, '440700', '440704', '江海区');
INSERT INTO `tb_dict_district` VALUES (1982, '440700', '440705', '新会区');
INSERT INTO `tb_dict_district` VALUES (1983, '440700', '440781', '台山市');
INSERT INTO `tb_dict_district` VALUES (1984, '440700', '440783', '开平市');
INSERT INTO `tb_dict_district` VALUES (1985, '440700', '440784', '鹤山市');
INSERT INTO `tb_dict_district` VALUES (1986, '440700', '440785', '恩平市');
INSERT INTO `tb_dict_district` VALUES (1987, '440800', '440801', '市辖区');
INSERT INTO `tb_dict_district` VALUES (1988, '440800', '440802', '赤坎区');
INSERT INTO `tb_dict_district` VALUES (1989, '440800', '440803', '霞山区');
INSERT INTO `tb_dict_district` VALUES (1990, '440800', '440804', '坡头区');
INSERT INTO `tb_dict_district` VALUES (1991, '440800', '440811', '麻章区');
INSERT INTO `tb_dict_district` VALUES (1992, '440800', '440823', '遂溪县');
INSERT INTO `tb_dict_district` VALUES (1993, '440800', '440825', '徐闻县');
INSERT INTO `tb_dict_district` VALUES (1994, '440800', '440881', '廉江市');
INSERT INTO `tb_dict_district` VALUES (1995, '440800', '440882', '雷州市');
INSERT INTO `tb_dict_district` VALUES (1996, '440800', '440883', '吴川市');
INSERT INTO `tb_dict_district` VALUES (1997, '440900', '440901', '市辖区');
INSERT INTO `tb_dict_district` VALUES (1998, '440900', '440902', '茂南区');
INSERT INTO `tb_dict_district` VALUES (1999, '440900', '440903', '茂港区');
INSERT INTO `tb_dict_district` VALUES (2000, '440900', '440923', '电白县');
INSERT INTO `tb_dict_district` VALUES (2001, '440900', '440981', '高州市');
INSERT INTO `tb_dict_district` VALUES (2002, '440900', '440982', '化州市');
INSERT INTO `tb_dict_district` VALUES (2003, '440900', '440983', '信宜市');
INSERT INTO `tb_dict_district` VALUES (2004, '441200', '441201', '市辖区');
INSERT INTO `tb_dict_district` VALUES (2005, '441200', '441202', '端州区');
INSERT INTO `tb_dict_district` VALUES (2006, '441200', '441203', '鼎湖区');
INSERT INTO `tb_dict_district` VALUES (2007, '441200', '441223', '广宁县');
INSERT INTO `tb_dict_district` VALUES (2008, '441200', '441224', '怀集县');
INSERT INTO `tb_dict_district` VALUES (2009, '441200', '441225', '封开县');
INSERT INTO `tb_dict_district` VALUES (2010, '441200', '441226', '德庆县');
INSERT INTO `tb_dict_district` VALUES (2011, '441200', '441283', '高要市');
INSERT INTO `tb_dict_district` VALUES (2012, '441200', '441284', '四会市');
INSERT INTO `tb_dict_district` VALUES (2013, '441300', '441301', '市辖区');
INSERT INTO `tb_dict_district` VALUES (2014, '441300', '441302', '惠城区');
INSERT INTO `tb_dict_district` VALUES (2015, '441300', '441303', '惠阳区');
INSERT INTO `tb_dict_district` VALUES (2016, '441300', '441322', '博罗县');
INSERT INTO `tb_dict_district` VALUES (2017, '441300', '441323', '惠东县');
INSERT INTO `tb_dict_district` VALUES (2018, '441300', '441324', '龙门县');
INSERT INTO `tb_dict_district` VALUES (2019, '441400', '441401', '市辖区');
INSERT INTO `tb_dict_district` VALUES (2020, '441400', '441402', '梅江区');
INSERT INTO `tb_dict_district` VALUES (2021, '441400', '441421', '梅　县');
INSERT INTO `tb_dict_district` VALUES (2022, '441400', '441422', '大埔县');
INSERT INTO `tb_dict_district` VALUES (2023, '441400', '441423', '丰顺县');
INSERT INTO `tb_dict_district` VALUES (2024, '441400', '441424', '五华县');
INSERT INTO `tb_dict_district` VALUES (2025, '441400', '441426', '平远县');
INSERT INTO `tb_dict_district` VALUES (2026, '441400', '441427', '蕉岭县');
INSERT INTO `tb_dict_district` VALUES (2027, '441400', '441481', '兴宁市');
INSERT INTO `tb_dict_district` VALUES (2028, '441500', '441501', '市辖区');
INSERT INTO `tb_dict_district` VALUES (2029, '441500', '441502', '城　区');
INSERT INTO `tb_dict_district` VALUES (2030, '441500', '441521', '海丰县');
INSERT INTO `tb_dict_district` VALUES (2031, '441500', '441523', '陆河县');
INSERT INTO `tb_dict_district` VALUES (2032, '441500', '441581', '陆丰市');
INSERT INTO `tb_dict_district` VALUES (2033, '441600', '441601', '市辖区');
INSERT INTO `tb_dict_district` VALUES (2034, '441600', '441602', '源城区');
INSERT INTO `tb_dict_district` VALUES (2035, '441600', '441621', '紫金县');
INSERT INTO `tb_dict_district` VALUES (2036, '441600', '441622', '龙川县');
INSERT INTO `tb_dict_district` VALUES (2037, '441600', '441623', '连平县');
INSERT INTO `tb_dict_district` VALUES (2038, '441600', '441624', '和平县');
INSERT INTO `tb_dict_district` VALUES (2039, '441600', '441625', '东源县');
INSERT INTO `tb_dict_district` VALUES (2040, '441700', '441701', '市辖区');
INSERT INTO `tb_dict_district` VALUES (2041, '441700', '441702', '江城区');
INSERT INTO `tb_dict_district` VALUES (2042, '441700', '441721', '阳西县');
INSERT INTO `tb_dict_district` VALUES (2043, '441700', '441723', '阳东县');
INSERT INTO `tb_dict_district` VALUES (2044, '441700', '441781', '阳春市');
INSERT INTO `tb_dict_district` VALUES (2045, '441800', '441801', '市辖区');
INSERT INTO `tb_dict_district` VALUES (2046, '441800', '441802', '清城区');
INSERT INTO `tb_dict_district` VALUES (2047, '441800', '441821', '佛冈县');
INSERT INTO `tb_dict_district` VALUES (2048, '441800', '441823', '阳山县');
INSERT INTO `tb_dict_district` VALUES (2049, '441800', '441825', '连山壮族瑶族自治县');
INSERT INTO `tb_dict_district` VALUES (2050, '441800', '441826', '连南瑶族自治县');
INSERT INTO `tb_dict_district` VALUES (2051, '441800', '441827', '清新县');
INSERT INTO `tb_dict_district` VALUES (2052, '441800', '441881', '英德市');
INSERT INTO `tb_dict_district` VALUES (2053, '441800', '441882', '连州市');
INSERT INTO `tb_dict_district` VALUES (2054, '445100', '445101', '市辖区');
INSERT INTO `tb_dict_district` VALUES (2055, '445100', '445102', '湘桥区');
INSERT INTO `tb_dict_district` VALUES (2056, '445100', '445121', '潮安县');
INSERT INTO `tb_dict_district` VALUES (2057, '445100', '445122', '饶平县');
INSERT INTO `tb_dict_district` VALUES (2058, '445200', '445201', '市辖区');
INSERT INTO `tb_dict_district` VALUES (2059, '445200', '445202', '榕城区');
INSERT INTO `tb_dict_district` VALUES (2060, '445200', '445221', '揭东县');
INSERT INTO `tb_dict_district` VALUES (2061, '445200', '445222', '揭西县');
INSERT INTO `tb_dict_district` VALUES (2062, '445200', '445224', '惠来县');
INSERT INTO `tb_dict_district` VALUES (2063, '445200', '445281', '普宁市');
INSERT INTO `tb_dict_district` VALUES (2064, '445300', '445301', '市辖区');
INSERT INTO `tb_dict_district` VALUES (2065, '445300', '445302', '云城区');
INSERT INTO `tb_dict_district` VALUES (2066, '445300', '445321', '新兴县');
INSERT INTO `tb_dict_district` VALUES (2067, '445300', '445322', '郁南县');
INSERT INTO `tb_dict_district` VALUES (2068, '445300', '445323', '云安县');
INSERT INTO `tb_dict_district` VALUES (2069, '445300', '445381', '罗定市');
INSERT INTO `tb_dict_district` VALUES (2070, '450100', '450101', '市辖区');
INSERT INTO `tb_dict_district` VALUES (2071, '450100', '450102', '兴宁区');
INSERT INTO `tb_dict_district` VALUES (2072, '450100', '450103', '青秀区');
INSERT INTO `tb_dict_district` VALUES (2073, '450100', '450105', '江南区');
INSERT INTO `tb_dict_district` VALUES (2074, '450100', '450107', '西乡塘区');
INSERT INTO `tb_dict_district` VALUES (2075, '450100', '450108', '良庆区');
INSERT INTO `tb_dict_district` VALUES (2076, '450100', '450109', '邕宁区');
INSERT INTO `tb_dict_district` VALUES (2077, '450100', '450122', '武鸣县');
INSERT INTO `tb_dict_district` VALUES (2078, '450100', '450123', '隆安县');
INSERT INTO `tb_dict_district` VALUES (2079, '450100', '450124', '马山县');
INSERT INTO `tb_dict_district` VALUES (2080, '450100', '450125', '上林县');
INSERT INTO `tb_dict_district` VALUES (2081, '450100', '450126', '宾阳县');
INSERT INTO `tb_dict_district` VALUES (2082, '450100', '450127', '横　县');
INSERT INTO `tb_dict_district` VALUES (2083, '450200', '450201', '市辖区');
INSERT INTO `tb_dict_district` VALUES (2084, '450200', '450202', '城中区');
INSERT INTO `tb_dict_district` VALUES (2085, '450200', '450203', '鱼峰区');
INSERT INTO `tb_dict_district` VALUES (2086, '450200', '450204', '柳南区');
INSERT INTO `tb_dict_district` VALUES (2087, '450200', '450205', '柳北区');
INSERT INTO `tb_dict_district` VALUES (2088, '450200', '450221', '柳江县');
INSERT INTO `tb_dict_district` VALUES (2089, '450200', '450222', '柳城县');
INSERT INTO `tb_dict_district` VALUES (2090, '450200', '450223', '鹿寨县');
INSERT INTO `tb_dict_district` VALUES (2091, '450200', '450224', '融安县');
INSERT INTO `tb_dict_district` VALUES (2092, '450200', '450225', '融水苗族自治县');
INSERT INTO `tb_dict_district` VALUES (2093, '450200', '450226', '三江侗族自治县');
INSERT INTO `tb_dict_district` VALUES (2094, '450300', '450301', '市辖区');
INSERT INTO `tb_dict_district` VALUES (2095, '450300', '450302', '秀峰区');
INSERT INTO `tb_dict_district` VALUES (2096, '450300', '450303', '叠彩区');
INSERT INTO `tb_dict_district` VALUES (2097, '450300', '450304', '象山区');
INSERT INTO `tb_dict_district` VALUES (2098, '450300', '450305', '七星区');
INSERT INTO `tb_dict_district` VALUES (2099, '450300', '450311', '雁山区');
INSERT INTO `tb_dict_district` VALUES (2100, '450300', '450321', '阳朔县');
INSERT INTO `tb_dict_district` VALUES (2101, '450300', '450322', '临桂县');
INSERT INTO `tb_dict_district` VALUES (2102, '450300', '450323', '灵川县');
INSERT INTO `tb_dict_district` VALUES (2103, '450300', '450324', '全州县');
INSERT INTO `tb_dict_district` VALUES (2104, '450300', '450325', '兴安县');
INSERT INTO `tb_dict_district` VALUES (2105, '450300', '450326', '永福县');
INSERT INTO `tb_dict_district` VALUES (2106, '450300', '450327', '灌阳县');
INSERT INTO `tb_dict_district` VALUES (2107, '450300', '450328', '龙胜各族自治县');
INSERT INTO `tb_dict_district` VALUES (2108, '450300', '450329', '资源县');
INSERT INTO `tb_dict_district` VALUES (2109, '450300', '450330', '平乐县');
INSERT INTO `tb_dict_district` VALUES (2110, '450300', '450331', '荔蒲县');
INSERT INTO `tb_dict_district` VALUES (2111, '450300', '450332', '恭城瑶族自治县');
INSERT INTO `tb_dict_district` VALUES (2112, '450400', '450401', '市辖区');
INSERT INTO `tb_dict_district` VALUES (2113, '450400', '450403', '万秀区');
INSERT INTO `tb_dict_district` VALUES (2114, '450400', '450404', '蝶山区');
INSERT INTO `tb_dict_district` VALUES (2115, '450400', '450405', '长洲区');
INSERT INTO `tb_dict_district` VALUES (2116, '450400', '450421', '苍梧县');
INSERT INTO `tb_dict_district` VALUES (2117, '450400', '450422', '藤　县');
INSERT INTO `tb_dict_district` VALUES (2118, '450400', '450423', '蒙山县');
INSERT INTO `tb_dict_district` VALUES (2119, '450400', '450481', '岑溪市');
INSERT INTO `tb_dict_district` VALUES (2120, '450500', '450501', '市辖区');
INSERT INTO `tb_dict_district` VALUES (2121, '450500', '450502', '海城区');
INSERT INTO `tb_dict_district` VALUES (2122, '450500', '450503', '银海区');
INSERT INTO `tb_dict_district` VALUES (2123, '450500', '450512', '铁山港区');
INSERT INTO `tb_dict_district` VALUES (2124, '450500', '450521', '合浦县');
INSERT INTO `tb_dict_district` VALUES (2125, '450600', '450601', '市辖区');
INSERT INTO `tb_dict_district` VALUES (2126, '450600', '450602', '港口区');
INSERT INTO `tb_dict_district` VALUES (2127, '450600', '450603', '防城区');
INSERT INTO `tb_dict_district` VALUES (2128, '450600', '450621', '上思县');
INSERT INTO `tb_dict_district` VALUES (2129, '450600', '450681', '东兴市');
INSERT INTO `tb_dict_district` VALUES (2130, '450700', '450701', '市辖区');
INSERT INTO `tb_dict_district` VALUES (2131, '450700', '450702', '钦南区');
INSERT INTO `tb_dict_district` VALUES (2132, '450700', '450703', '钦北区');
INSERT INTO `tb_dict_district` VALUES (2133, '450700', '450721', '灵山县');
INSERT INTO `tb_dict_district` VALUES (2134, '450700', '450722', '浦北县');
INSERT INTO `tb_dict_district` VALUES (2135, '450800', '450801', '市辖区');
INSERT INTO `tb_dict_district` VALUES (2136, '450800', '450802', '港北区');
INSERT INTO `tb_dict_district` VALUES (2137, '450800', '450803', '港南区');
INSERT INTO `tb_dict_district` VALUES (2138, '450800', '450804', '覃塘区');
INSERT INTO `tb_dict_district` VALUES (2139, '450800', '450821', '平南县');
INSERT INTO `tb_dict_district` VALUES (2140, '450800', '450881', '桂平市');
INSERT INTO `tb_dict_district` VALUES (2141, '450900', '450901', '市辖区');
INSERT INTO `tb_dict_district` VALUES (2142, '450900', '450902', '玉州区');
INSERT INTO `tb_dict_district` VALUES (2143, '450900', '450921', '容　县');
INSERT INTO `tb_dict_district` VALUES (2144, '450900', '450922', '陆川县');
INSERT INTO `tb_dict_district` VALUES (2145, '450900', '450923', '博白县');
INSERT INTO `tb_dict_district` VALUES (2146, '450900', '450924', '兴业县');
INSERT INTO `tb_dict_district` VALUES (2147, '450900', '450981', '北流市');
INSERT INTO `tb_dict_district` VALUES (2148, '451000', '451001', '市辖区');
INSERT INTO `tb_dict_district` VALUES (2149, '451000', '451002', '右江区');
INSERT INTO `tb_dict_district` VALUES (2150, '451000', '451021', '田阳县');
INSERT INTO `tb_dict_district` VALUES (2151, '451000', '451022', '田东县');
INSERT INTO `tb_dict_district` VALUES (2152, '451000', '451023', '平果县');
INSERT INTO `tb_dict_district` VALUES (2153, '451000', '451024', '德保县');
INSERT INTO `tb_dict_district` VALUES (2154, '451000', '451025', '靖西县');
INSERT INTO `tb_dict_district` VALUES (2155, '451000', '451026', '那坡县');
INSERT INTO `tb_dict_district` VALUES (2156, '451000', '451027', '凌云县');
INSERT INTO `tb_dict_district` VALUES (2157, '451000', '451028', '乐业县');
INSERT INTO `tb_dict_district` VALUES (2158, '451000', '451029', '田林县');
INSERT INTO `tb_dict_district` VALUES (2159, '451000', '451030', '西林县');
INSERT INTO `tb_dict_district` VALUES (2160, '451000', '451031', '隆林各族自治县');
INSERT INTO `tb_dict_district` VALUES (2161, '451100', '451101', '市辖区');
INSERT INTO `tb_dict_district` VALUES (2162, '451100', '451102', '八步区');
INSERT INTO `tb_dict_district` VALUES (2163, '451100', '451121', '昭平县');
INSERT INTO `tb_dict_district` VALUES (2164, '451100', '451122', '钟山县');
INSERT INTO `tb_dict_district` VALUES (2165, '451100', '451123', '富川瑶族自治县');
INSERT INTO `tb_dict_district` VALUES (2166, '451200', '451201', '市辖区');
INSERT INTO `tb_dict_district` VALUES (2167, '451200', '451202', '金城江区');
INSERT INTO `tb_dict_district` VALUES (2168, '451200', '451221', '南丹县');
INSERT INTO `tb_dict_district` VALUES (2169, '451200', '451222', '天峨县');
INSERT INTO `tb_dict_district` VALUES (2170, '451200', '451223', '凤山县');
INSERT INTO `tb_dict_district` VALUES (2171, '451200', '451224', '东兰县');
INSERT INTO `tb_dict_district` VALUES (2172, '451200', '451225', '罗城仫佬族自治县');
INSERT INTO `tb_dict_district` VALUES (2173, '451200', '451226', '环江毛南族自治县');
INSERT INTO `tb_dict_district` VALUES (2174, '451200', '451227', '巴马瑶族自治县');
INSERT INTO `tb_dict_district` VALUES (2175, '451200', '451228', '都安瑶族自治县');
INSERT INTO `tb_dict_district` VALUES (2176, '451200', '451229', '大化瑶族自治县');
INSERT INTO `tb_dict_district` VALUES (2177, '451200', '451281', '宜州市');
INSERT INTO `tb_dict_district` VALUES (2178, '451300', '451301', '市辖区');
INSERT INTO `tb_dict_district` VALUES (2179, '451300', '451302', '兴宾区');
INSERT INTO `tb_dict_district` VALUES (2180, '451300', '451321', '忻城县');
INSERT INTO `tb_dict_district` VALUES (2181, '451300', '451322', '象州县');
INSERT INTO `tb_dict_district` VALUES (2182, '451300', '451323', '武宣县');
INSERT INTO `tb_dict_district` VALUES (2183, '451300', '451324', '金秀瑶族自治县');
INSERT INTO `tb_dict_district` VALUES (2184, '451300', '451381', '合山市');
INSERT INTO `tb_dict_district` VALUES (2185, '451400', '451401', '市辖区');
INSERT INTO `tb_dict_district` VALUES (2186, '451400', '451402', '江洲区');
INSERT INTO `tb_dict_district` VALUES (2187, '451400', '451421', '扶绥县');
INSERT INTO `tb_dict_district` VALUES (2188, '451400', '451422', '宁明县');
INSERT INTO `tb_dict_district` VALUES (2189, '451400', '451423', '龙州县');
INSERT INTO `tb_dict_district` VALUES (2190, '451400', '451424', '大新县');
INSERT INTO `tb_dict_district` VALUES (2191, '451400', '451425', '天等县');
INSERT INTO `tb_dict_district` VALUES (2192, '451400', '451481', '凭祥市');
INSERT INTO `tb_dict_district` VALUES (2193, '460100', '460101', '市辖区');
INSERT INTO `tb_dict_district` VALUES (2194, '460100', '460105', '秀英区');
INSERT INTO `tb_dict_district` VALUES (2195, '460100', '460106', '龙华区');
INSERT INTO `tb_dict_district` VALUES (2196, '460100', '460107', '琼山区');
INSERT INTO `tb_dict_district` VALUES (2197, '460100', '460108', '美兰区');
INSERT INTO `tb_dict_district` VALUES (2198, '460200', '460201', '市辖区');
INSERT INTO `tb_dict_district` VALUES (2199, '469000', '469001', '五指山市');
INSERT INTO `tb_dict_district` VALUES (2200, '469000', '469002', '琼海市');
INSERT INTO `tb_dict_district` VALUES (2201, '469000', '469003', '儋州市');
INSERT INTO `tb_dict_district` VALUES (2202, '469000', '469005', '文昌市');
INSERT INTO `tb_dict_district` VALUES (2203, '469000', '469006', '万宁市');
INSERT INTO `tb_dict_district` VALUES (2204, '469000', '469007', '东方市');
INSERT INTO `tb_dict_district` VALUES (2205, '469000', '469025', '定安县');
INSERT INTO `tb_dict_district` VALUES (2206, '469000', '469026', '屯昌县');
INSERT INTO `tb_dict_district` VALUES (2207, '469000', '469027', '澄迈县');
INSERT INTO `tb_dict_district` VALUES (2208, '469000', '469028', '临高县');
INSERT INTO `tb_dict_district` VALUES (2209, '469000', '469030', '白沙黎族自治县');
INSERT INTO `tb_dict_district` VALUES (2210, '469000', '469031', '昌江黎族自治县');
INSERT INTO `tb_dict_district` VALUES (2211, '469000', '469033', '乐东黎族自治县');
INSERT INTO `tb_dict_district` VALUES (2212, '469000', '469034', '陵水黎族自治县');
INSERT INTO `tb_dict_district` VALUES (2213, '469000', '469035', '保亭黎族苗族自治县');
INSERT INTO `tb_dict_district` VALUES (2214, '469000', '469036', '琼中黎族苗族自治县');
INSERT INTO `tb_dict_district` VALUES (2215, '469000', '469037', '西沙群岛');
INSERT INTO `tb_dict_district` VALUES (2216, '469000', '469038', '南沙群岛');
INSERT INTO `tb_dict_district` VALUES (2217, '469000', '469039', '中沙群岛的岛礁及其海域');
INSERT INTO `tb_dict_district` VALUES (2218, '500100', '500101', '万州区');
INSERT INTO `tb_dict_district` VALUES (2219, '500100', '500102', '涪陵区');
INSERT INTO `tb_dict_district` VALUES (2220, '500100', '500103', '渝中区');
INSERT INTO `tb_dict_district` VALUES (2221, '500100', '500104', '大渡口区');
INSERT INTO `tb_dict_district` VALUES (2222, '500100', '500105', '江北区');
INSERT INTO `tb_dict_district` VALUES (2223, '500100', '500106', '沙坪坝区');
INSERT INTO `tb_dict_district` VALUES (2224, '500100', '500107', '九龙坡区');
INSERT INTO `tb_dict_district` VALUES (2225, '500100', '500108', '南岸区');
INSERT INTO `tb_dict_district` VALUES (2226, '500100', '500109', '北碚区');
INSERT INTO `tb_dict_district` VALUES (2227, '500100', '500110', '万盛区');
INSERT INTO `tb_dict_district` VALUES (2228, '500100', '500111', '双桥区');
INSERT INTO `tb_dict_district` VALUES (2229, '500100', '500112', '渝北区');
INSERT INTO `tb_dict_district` VALUES (2230, '500100', '500113', '巴南区');
INSERT INTO `tb_dict_district` VALUES (2231, '500100', '500114', '黔江区');
INSERT INTO `tb_dict_district` VALUES (2232, '500100', '500115', '长寿区');
INSERT INTO `tb_dict_district` VALUES (2233, '500200', '500222', '綦江县');
INSERT INTO `tb_dict_district` VALUES (2234, '500200', '500223', '潼南县');
INSERT INTO `tb_dict_district` VALUES (2235, '500200', '500224', '铜梁县');
INSERT INTO `tb_dict_district` VALUES (2236, '500200', '500225', '大足县');
INSERT INTO `tb_dict_district` VALUES (2237, '500200', '500226', '荣昌县');
INSERT INTO `tb_dict_district` VALUES (2238, '500200', '500227', '璧山县');
INSERT INTO `tb_dict_district` VALUES (2239, '500200', '500228', '梁平县');
INSERT INTO `tb_dict_district` VALUES (2240, '500200', '500229', '城口县');
INSERT INTO `tb_dict_district` VALUES (2241, '500200', '500230', '丰都县');
INSERT INTO `tb_dict_district` VALUES (2242, '500200', '500231', '垫江县');
INSERT INTO `tb_dict_district` VALUES (2243, '500200', '500232', '武隆县');
INSERT INTO `tb_dict_district` VALUES (2244, '500200', '500233', '忠　县');
INSERT INTO `tb_dict_district` VALUES (2245, '500200', '500234', '开　县');
INSERT INTO `tb_dict_district` VALUES (2246, '500200', '500235', '云阳县');
INSERT INTO `tb_dict_district` VALUES (2247, '500200', '500236', '奉节县');
INSERT INTO `tb_dict_district` VALUES (2248, '500200', '500237', '巫山县');
INSERT INTO `tb_dict_district` VALUES (2249, '500200', '500238', '巫溪县');
INSERT INTO `tb_dict_district` VALUES (2250, '500200', '500240', '石柱土家族自治县');
INSERT INTO `tb_dict_district` VALUES (2251, '500200', '500241', '秀山土家族苗族自治县');
INSERT INTO `tb_dict_district` VALUES (2252, '500200', '500242', '酉阳土家族苗族自治县');
INSERT INTO `tb_dict_district` VALUES (2253, '500200', '500243', '彭水苗族土家族自治县');
INSERT INTO `tb_dict_district` VALUES (2254, '500300', '500381', '江津市');
INSERT INTO `tb_dict_district` VALUES (2255, '500300', '500382', '合川市');
INSERT INTO `tb_dict_district` VALUES (2256, '500300', '500383', '永川市');
INSERT INTO `tb_dict_district` VALUES (2257, '500300', '500384', '南川市');
INSERT INTO `tb_dict_district` VALUES (2258, '510100', '510101', '市辖区');
INSERT INTO `tb_dict_district` VALUES (2259, '510100', '510104', '锦江区');
INSERT INTO `tb_dict_district` VALUES (2260, '510100', '510105', '青羊区');
INSERT INTO `tb_dict_district` VALUES (2261, '510100', '510106', '金牛区');
INSERT INTO `tb_dict_district` VALUES (2262, '510100', '510107', '武侯区');
INSERT INTO `tb_dict_district` VALUES (2263, '510100', '510108', '成华区');
INSERT INTO `tb_dict_district` VALUES (2264, '510100', '510112', '龙泉驿区');
INSERT INTO `tb_dict_district` VALUES (2265, '510100', '510113', '青白江区');
INSERT INTO `tb_dict_district` VALUES (2266, '510100', '510114', '新都区');
INSERT INTO `tb_dict_district` VALUES (2267, '510100', '510115', '温江县');
INSERT INTO `tb_dict_district` VALUES (2268, '510100', '510121', '金堂县');
INSERT INTO `tb_dict_district` VALUES (2269, '510100', '510122', '双流县');
INSERT INTO `tb_dict_district` VALUES (2270, '510100', '510124', '郫　县');
INSERT INTO `tb_dict_district` VALUES (2271, '510100', '510129', '大邑县');
INSERT INTO `tb_dict_district` VALUES (2272, '510100', '510131', '蒲江县');
INSERT INTO `tb_dict_district` VALUES (2273, '510100', '510132', '新津县');
INSERT INTO `tb_dict_district` VALUES (2274, '510100', '510181', '都江堰市');
INSERT INTO `tb_dict_district` VALUES (2275, '510100', '510182', '彭州市');
INSERT INTO `tb_dict_district` VALUES (2276, '510100', '510183', '邛崃市');
INSERT INTO `tb_dict_district` VALUES (2277, '510100', '510184', '崇州市');
INSERT INTO `tb_dict_district` VALUES (2278, '510300', '510301', '市辖区');
INSERT INTO `tb_dict_district` VALUES (2279, '510300', '510302', '自流井区');
INSERT INTO `tb_dict_district` VALUES (2280, '510300', '510303', '贡井区');
INSERT INTO `tb_dict_district` VALUES (2281, '510300', '510304', '大安区');
INSERT INTO `tb_dict_district` VALUES (2282, '510300', '510311', '沿滩区');
INSERT INTO `tb_dict_district` VALUES (2283, '510300', '510321', '荣　县');
INSERT INTO `tb_dict_district` VALUES (2284, '510300', '510322', '富顺县');
INSERT INTO `tb_dict_district` VALUES (2285, '510400', '510401', '市辖区');
INSERT INTO `tb_dict_district` VALUES (2286, '510400', '510402', '东　区');
INSERT INTO `tb_dict_district` VALUES (2287, '510400', '510403', '西　区');
INSERT INTO `tb_dict_district` VALUES (2288, '510400', '510411', '仁和区');
INSERT INTO `tb_dict_district` VALUES (2289, '510400', '510421', '米易县');
INSERT INTO `tb_dict_district` VALUES (2290, '510400', '510422', '盐边县');
INSERT INTO `tb_dict_district` VALUES (2291, '510500', '510501', '市辖区');
INSERT INTO `tb_dict_district` VALUES (2292, '510500', '510502', '江阳区');
INSERT INTO `tb_dict_district` VALUES (2293, '510500', '510503', '纳溪区');
INSERT INTO `tb_dict_district` VALUES (2294, '510500', '510504', '龙马潭区');
INSERT INTO `tb_dict_district` VALUES (2295, '510500', '510521', '泸　县');
INSERT INTO `tb_dict_district` VALUES (2296, '510500', '510522', '合江县');
INSERT INTO `tb_dict_district` VALUES (2297, '510500', '510524', '叙永县');
INSERT INTO `tb_dict_district` VALUES (2298, '510500', '510525', '古蔺县');
INSERT INTO `tb_dict_district` VALUES (2299, '510600', '510601', '市辖区');
INSERT INTO `tb_dict_district` VALUES (2300, '510600', '510603', '旌阳区');
INSERT INTO `tb_dict_district` VALUES (2301, '510600', '510623', '中江县');
INSERT INTO `tb_dict_district` VALUES (2302, '510600', '510626', '罗江县');
INSERT INTO `tb_dict_district` VALUES (2303, '510600', '510681', '广汉市');
INSERT INTO `tb_dict_district` VALUES (2304, '510600', '510682', '什邡市');
INSERT INTO `tb_dict_district` VALUES (2305, '510600', '510683', '绵竹市');
INSERT INTO `tb_dict_district` VALUES (2306, '510700', '510701', '市辖区');
INSERT INTO `tb_dict_district` VALUES (2307, '510700', '510703', '涪城区');
INSERT INTO `tb_dict_district` VALUES (2308, '510700', '510704', '游仙区');
INSERT INTO `tb_dict_district` VALUES (2309, '510700', '510722', '三台县');
INSERT INTO `tb_dict_district` VALUES (2310, '510700', '510723', '盐亭县');
INSERT INTO `tb_dict_district` VALUES (2311, '510700', '510724', '安　县');
INSERT INTO `tb_dict_district` VALUES (2312, '510700', '510725', '梓潼县');
INSERT INTO `tb_dict_district` VALUES (2313, '510700', '510726', '北川羌族自治县');
INSERT INTO `tb_dict_district` VALUES (2314, '510700', '510727', '平武县');
INSERT INTO `tb_dict_district` VALUES (2315, '510700', '510781', '江油市');
INSERT INTO `tb_dict_district` VALUES (2316, '510800', '510801', '市辖区');
INSERT INTO `tb_dict_district` VALUES (2317, '510800', '510802', '市中区');
INSERT INTO `tb_dict_district` VALUES (2318, '510800', '510811', '元坝区');
INSERT INTO `tb_dict_district` VALUES (2319, '510800', '510812', '朝天区');
INSERT INTO `tb_dict_district` VALUES (2320, '510800', '510821', '旺苍县');
INSERT INTO `tb_dict_district` VALUES (2321, '510800', '510822', '青川县');
INSERT INTO `tb_dict_district` VALUES (2322, '510800', '510823', '剑阁县');
INSERT INTO `tb_dict_district` VALUES (2323, '510800', '510824', '苍溪县');
INSERT INTO `tb_dict_district` VALUES (2324, '510900', '510901', '市辖区');
INSERT INTO `tb_dict_district` VALUES (2325, '510900', '510903', '船山区');
INSERT INTO `tb_dict_district` VALUES (2326, '510900', '510904', '安居区');
INSERT INTO `tb_dict_district` VALUES (2327, '510900', '510921', '蓬溪县');
INSERT INTO `tb_dict_district` VALUES (2328, '510900', '510922', '射洪县');
INSERT INTO `tb_dict_district` VALUES (2329, '510900', '510923', '大英县');
INSERT INTO `tb_dict_district` VALUES (2330, '511000', '511001', '市辖区');
INSERT INTO `tb_dict_district` VALUES (2331, '511000', '511002', '市中区');
INSERT INTO `tb_dict_district` VALUES (2332, '511000', '511011', '东兴区');
INSERT INTO `tb_dict_district` VALUES (2333, '511000', '511024', '威远县');
INSERT INTO `tb_dict_district` VALUES (2334, '511000', '511025', '资中县');
INSERT INTO `tb_dict_district` VALUES (2335, '511000', '511028', '隆昌县');
INSERT INTO `tb_dict_district` VALUES (2336, '511100', '511101', '市辖区');
INSERT INTO `tb_dict_district` VALUES (2337, '511100', '511102', '市中区');
INSERT INTO `tb_dict_district` VALUES (2338, '511100', '511111', '沙湾区');
INSERT INTO `tb_dict_district` VALUES (2339, '511100', '511112', '五通桥区');
INSERT INTO `tb_dict_district` VALUES (2340, '511100', '511113', '金口河区');
INSERT INTO `tb_dict_district` VALUES (2341, '511100', '511123', '犍为县');
INSERT INTO `tb_dict_district` VALUES (2342, '511100', '511124', '井研县');
INSERT INTO `tb_dict_district` VALUES (2343, '511100', '511126', '夹江县');
INSERT INTO `tb_dict_district` VALUES (2344, '511100', '511129', '沐川县');
INSERT INTO `tb_dict_district` VALUES (2345, '511100', '511132', '峨边彝族自治县');
INSERT INTO `tb_dict_district` VALUES (2346, '511100', '511133', '马边彝族自治县');
INSERT INTO `tb_dict_district` VALUES (2347, '511100', '511181', '峨眉山市');
INSERT INTO `tb_dict_district` VALUES (2348, '511300', '511301', '市辖区');
INSERT INTO `tb_dict_district` VALUES (2349, '511300', '511302', '顺庆区');
INSERT INTO `tb_dict_district` VALUES (2350, '511300', '511303', '高坪区');
INSERT INTO `tb_dict_district` VALUES (2351, '511300', '511304', '嘉陵区');
INSERT INTO `tb_dict_district` VALUES (2352, '511300', '511321', '南部县');
INSERT INTO `tb_dict_district` VALUES (2353, '511300', '511322', '营山县');
INSERT INTO `tb_dict_district` VALUES (2354, '511300', '511323', '蓬安县');
INSERT INTO `tb_dict_district` VALUES (2355, '511300', '511324', '仪陇县');
INSERT INTO `tb_dict_district` VALUES (2356, '511300', '511325', '西充县');
INSERT INTO `tb_dict_district` VALUES (2357, '511300', '511381', '阆中市');
INSERT INTO `tb_dict_district` VALUES (2358, '511400', '511401', '市辖区');
INSERT INTO `tb_dict_district` VALUES (2359, '511400', '511402', '东坡区');
INSERT INTO `tb_dict_district` VALUES (2360, '511400', '511421', '仁寿县');
INSERT INTO `tb_dict_district` VALUES (2361, '511400', '511422', '彭山县');
INSERT INTO `tb_dict_district` VALUES (2362, '511400', '511423', '洪雅县');
INSERT INTO `tb_dict_district` VALUES (2363, '511400', '511424', '丹棱县');
INSERT INTO `tb_dict_district` VALUES (2364, '511400', '511425', '青神县');
INSERT INTO `tb_dict_district` VALUES (2365, '511500', '511501', '市辖区');
INSERT INTO `tb_dict_district` VALUES (2366, '511500', '511502', '翠屏区');
INSERT INTO `tb_dict_district` VALUES (2367, '511500', '511521', '宜宾县');
INSERT INTO `tb_dict_district` VALUES (2368, '511500', '511522', '南溪县');
INSERT INTO `tb_dict_district` VALUES (2369, '511500', '511523', '江安县');
INSERT INTO `tb_dict_district` VALUES (2370, '511500', '511524', '长宁县');
INSERT INTO `tb_dict_district` VALUES (2371, '511500', '511525', '高　县');
INSERT INTO `tb_dict_district` VALUES (2372, '511500', '511526', '珙　县');
INSERT INTO `tb_dict_district` VALUES (2373, '511500', '511527', '筠连县');
INSERT INTO `tb_dict_district` VALUES (2374, '511500', '511528', '兴文县');
INSERT INTO `tb_dict_district` VALUES (2375, '511500', '511529', '屏山县');
INSERT INTO `tb_dict_district` VALUES (2376, '511600', '511601', '市辖区');
INSERT INTO `tb_dict_district` VALUES (2377, '511600', '511602', '广安区');
INSERT INTO `tb_dict_district` VALUES (2378, '511600', '511621', '岳池县');
INSERT INTO `tb_dict_district` VALUES (2379, '511600', '511622', '武胜县');
INSERT INTO `tb_dict_district` VALUES (2380, '511600', '511623', '邻水县');
INSERT INTO `tb_dict_district` VALUES (2381, '511600', '511681', '华莹市');
INSERT INTO `tb_dict_district` VALUES (2382, '511700', '511701', '市辖区');
INSERT INTO `tb_dict_district` VALUES (2383, '511700', '511702', '通川区');
INSERT INTO `tb_dict_district` VALUES (2384, '511700', '511721', '达　县');
INSERT INTO `tb_dict_district` VALUES (2385, '511700', '511722', '宣汉县');
INSERT INTO `tb_dict_district` VALUES (2386, '511700', '511723', '开江县');
INSERT INTO `tb_dict_district` VALUES (2387, '511700', '511724', '大竹县');
INSERT INTO `tb_dict_district` VALUES (2388, '511700', '511725', '渠　县');
INSERT INTO `tb_dict_district` VALUES (2389, '511700', '511781', '万源市');
INSERT INTO `tb_dict_district` VALUES (2390, '511800', '511801', '市辖区');
INSERT INTO `tb_dict_district` VALUES (2391, '511800', '511802', '雨城区');
INSERT INTO `tb_dict_district` VALUES (2392, '511800', '511821', '名山县');
INSERT INTO `tb_dict_district` VALUES (2393, '511800', '511822', '荥经县');
INSERT INTO `tb_dict_district` VALUES (2394, '511800', '511823', '汉源县');
INSERT INTO `tb_dict_district` VALUES (2395, '511800', '511824', '石棉县');
INSERT INTO `tb_dict_district` VALUES (2396, '511800', '511825', '天全县');
INSERT INTO `tb_dict_district` VALUES (2397, '511800', '511826', '芦山县');
INSERT INTO `tb_dict_district` VALUES (2398, '511800', '511827', '宝兴县');
INSERT INTO `tb_dict_district` VALUES (2399, '511900', '511901', '市辖区');
INSERT INTO `tb_dict_district` VALUES (2400, '511900', '511902', '巴州区');
INSERT INTO `tb_dict_district` VALUES (2401, '511900', '511921', '通江县');
INSERT INTO `tb_dict_district` VALUES (2402, '511900', '511922', '南江县');
INSERT INTO `tb_dict_district` VALUES (2403, '511900', '511923', '平昌县');
INSERT INTO `tb_dict_district` VALUES (2404, '512000', '512001', '市辖区');
INSERT INTO `tb_dict_district` VALUES (2405, '512000', '512002', '雁江区');
INSERT INTO `tb_dict_district` VALUES (2406, '512000', '512021', '安岳县');
INSERT INTO `tb_dict_district` VALUES (2407, '512000', '512022', '乐至县');
INSERT INTO `tb_dict_district` VALUES (2408, '512000', '512081', '简阳市');
INSERT INTO `tb_dict_district` VALUES (2409, '513200', '513221', '汶川县');
INSERT INTO `tb_dict_district` VALUES (2410, '513200', '513222', '理　县');
INSERT INTO `tb_dict_district` VALUES (2411, '513200', '513223', '茂　县');
INSERT INTO `tb_dict_district` VALUES (2412, '513200', '513224', '松潘县');
INSERT INTO `tb_dict_district` VALUES (2413, '513200', '513225', '九寨沟县');
INSERT INTO `tb_dict_district` VALUES (2414, '513200', '513226', '金川县');
INSERT INTO `tb_dict_district` VALUES (2415, '513200', '513227', '小金县');
INSERT INTO `tb_dict_district` VALUES (2416, '513200', '513228', '黑水县');
INSERT INTO `tb_dict_district` VALUES (2417, '513200', '513229', '马尔康县');
INSERT INTO `tb_dict_district` VALUES (2418, '513200', '513230', '壤塘县');
INSERT INTO `tb_dict_district` VALUES (2419, '513200', '513231', '阿坝县');
INSERT INTO `tb_dict_district` VALUES (2420, '513200', '513232', '若尔盖县');
INSERT INTO `tb_dict_district` VALUES (2421, '513200', '513233', '红原县');
INSERT INTO `tb_dict_district` VALUES (2422, '513300', '513321', '康定县');
INSERT INTO `tb_dict_district` VALUES (2423, '513300', '513322', '泸定县');
INSERT INTO `tb_dict_district` VALUES (2424, '513300', '513323', '丹巴县');
INSERT INTO `tb_dict_district` VALUES (2425, '513300', '513324', '九龙县');
INSERT INTO `tb_dict_district` VALUES (2426, '513300', '513325', '雅江县');
INSERT INTO `tb_dict_district` VALUES (2427, '513300', '513326', '道孚县');
INSERT INTO `tb_dict_district` VALUES (2428, '513300', '513327', '炉霍县');
INSERT INTO `tb_dict_district` VALUES (2429, '513300', '513328', '甘孜县');
INSERT INTO `tb_dict_district` VALUES (2430, '513300', '513329', '新龙县');
INSERT INTO `tb_dict_district` VALUES (2431, '513300', '513330', '德格县');
INSERT INTO `tb_dict_district` VALUES (2432, '513300', '513331', '白玉县');
INSERT INTO `tb_dict_district` VALUES (2433, '513300', '513332', '石渠县');
INSERT INTO `tb_dict_district` VALUES (2434, '513300', '513333', '色达县');
INSERT INTO `tb_dict_district` VALUES (2435, '513300', '513334', '理塘县');
INSERT INTO `tb_dict_district` VALUES (2436, '513300', '513335', '巴塘县');
INSERT INTO `tb_dict_district` VALUES (2437, '513300', '513336', '乡城县');
INSERT INTO `tb_dict_district` VALUES (2438, '513300', '513337', '稻城县');
INSERT INTO `tb_dict_district` VALUES (2439, '513300', '513338', '得荣县');
INSERT INTO `tb_dict_district` VALUES (2440, '513400', '513401', '西昌市');
INSERT INTO `tb_dict_district` VALUES (2441, '513400', '513422', '木里藏族自治县');
INSERT INTO `tb_dict_district` VALUES (2442, '513400', '513423', '盐源县');
INSERT INTO `tb_dict_district` VALUES (2443, '513400', '513424', '德昌县');
INSERT INTO `tb_dict_district` VALUES (2444, '513400', '513425', '会理县');
INSERT INTO `tb_dict_district` VALUES (2445, '513400', '513426', '会东县');
INSERT INTO `tb_dict_district` VALUES (2446, '513400', '513427', '宁南县');
INSERT INTO `tb_dict_district` VALUES (2447, '513400', '513428', '普格县');
INSERT INTO `tb_dict_district` VALUES (2448, '513400', '513429', '布拖县');
INSERT INTO `tb_dict_district` VALUES (2449, '513400', '513430', '金阳县');
INSERT INTO `tb_dict_district` VALUES (2450, '513400', '513431', '昭觉县');
INSERT INTO `tb_dict_district` VALUES (2451, '513400', '513432', '喜德县');
INSERT INTO `tb_dict_district` VALUES (2452, '513400', '513433', '冕宁县');
INSERT INTO `tb_dict_district` VALUES (2453, '513400', '513434', '越西县');
INSERT INTO `tb_dict_district` VALUES (2454, '513400', '513435', '甘洛县');
INSERT INTO `tb_dict_district` VALUES (2455, '513400', '513436', '美姑县');
INSERT INTO `tb_dict_district` VALUES (2456, '513400', '513437', '雷波县');
INSERT INTO `tb_dict_district` VALUES (2457, '520100', '520101', '市辖区');
INSERT INTO `tb_dict_district` VALUES (2458, '520100', '520102', '南明区');
INSERT INTO `tb_dict_district` VALUES (2459, '520100', '520103', '云岩区');
INSERT INTO `tb_dict_district` VALUES (2460, '520100', '520111', '花溪区');
INSERT INTO `tb_dict_district` VALUES (2461, '520100', '520112', '乌当区');
INSERT INTO `tb_dict_district` VALUES (2462, '520100', '520113', '白云区');
INSERT INTO `tb_dict_district` VALUES (2463, '520100', '520114', '小河区');
INSERT INTO `tb_dict_district` VALUES (2464, '520100', '520121', '开阳县');
INSERT INTO `tb_dict_district` VALUES (2465, '520100', '520122', '息烽县');
INSERT INTO `tb_dict_district` VALUES (2466, '520100', '520123', '修文县');
INSERT INTO `tb_dict_district` VALUES (2467, '520100', '520181', '清镇市');
INSERT INTO `tb_dict_district` VALUES (2468, '520200', '520201', '钟山区');
INSERT INTO `tb_dict_district` VALUES (2469, '520200', '520203', '六枝特区');
INSERT INTO `tb_dict_district` VALUES (2470, '520200', '520221', '水城县');
INSERT INTO `tb_dict_district` VALUES (2471, '520200', '520222', '盘　县');
INSERT INTO `tb_dict_district` VALUES (2472, '520300', '520301', '市辖区');
INSERT INTO `tb_dict_district` VALUES (2473, '520300', '520302', '红花岗区');
INSERT INTO `tb_dict_district` VALUES (2474, '520300', '520303', '汇川区');
INSERT INTO `tb_dict_district` VALUES (2475, '520300', '520321', '遵义县');
INSERT INTO `tb_dict_district` VALUES (2476, '520300', '520322', '桐梓县');
INSERT INTO `tb_dict_district` VALUES (2477, '520300', '520323', '绥阳县');
INSERT INTO `tb_dict_district` VALUES (2478, '520300', '520324', '正安县');
INSERT INTO `tb_dict_district` VALUES (2479, '520300', '520325', '道真仡佬族苗族自治县');
INSERT INTO `tb_dict_district` VALUES (2480, '520300', '520326', '务川仡佬族苗族自治县');
INSERT INTO `tb_dict_district` VALUES (2481, '520300', '520327', '凤冈县');
INSERT INTO `tb_dict_district` VALUES (2482, '520300', '520328', '湄潭县');
INSERT INTO `tb_dict_district` VALUES (2483, '520300', '520329', '余庆县');
INSERT INTO `tb_dict_district` VALUES (2484, '520300', '520330', '习水县');
INSERT INTO `tb_dict_district` VALUES (2485, '520300', '520381', '赤水市');
INSERT INTO `tb_dict_district` VALUES (2486, '520300', '520382', '仁怀市');
INSERT INTO `tb_dict_district` VALUES (2487, '520400', '520401', '市辖区');
INSERT INTO `tb_dict_district` VALUES (2488, '520400', '520402', '西秀区');
INSERT INTO `tb_dict_district` VALUES (2489, '520400', '520421', '平坝县');
INSERT INTO `tb_dict_district` VALUES (2490, '520400', '520422', '普定县');
INSERT INTO `tb_dict_district` VALUES (2491, '520400', '520423', '镇宁布依族苗族自治县');
INSERT INTO `tb_dict_district` VALUES (2492, '520400', '520424', '关岭布依族苗族自治县');
INSERT INTO `tb_dict_district` VALUES (2493, '520400', '520425', '紫云苗族布依族自治县');
INSERT INTO `tb_dict_district` VALUES (2494, '522200', '522201', '铜仁市');
INSERT INTO `tb_dict_district` VALUES (2495, '522200', '522222', '江口县');
INSERT INTO `tb_dict_district` VALUES (2496, '522200', '522223', '玉屏侗族自治县');
INSERT INTO `tb_dict_district` VALUES (2497, '522200', '522224', '石阡县');
INSERT INTO `tb_dict_district` VALUES (2498, '522200', '522225', '思南县');
INSERT INTO `tb_dict_district` VALUES (2499, '522200', '522226', '印江土家族苗族自治县');
INSERT INTO `tb_dict_district` VALUES (2500, '522200', '522227', '德江县');
INSERT INTO `tb_dict_district` VALUES (2501, '522200', '522228', '沿河土家族自治县');
INSERT INTO `tb_dict_district` VALUES (2502, '522200', '522229', '松桃苗族自治县');
INSERT INTO `tb_dict_district` VALUES (2503, '522200', '522230', '万山特区');
INSERT INTO `tb_dict_district` VALUES (2504, '522300', '522301', '兴义市');
INSERT INTO `tb_dict_district` VALUES (2505, '522300', '522322', '兴仁县');
INSERT INTO `tb_dict_district` VALUES (2506, '522300', '522323', '普安县');
INSERT INTO `tb_dict_district` VALUES (2507, '522300', '522324', '晴隆县');
INSERT INTO `tb_dict_district` VALUES (2508, '522300', '522325', '贞丰县');
INSERT INTO `tb_dict_district` VALUES (2509, '522300', '522326', '望谟县');
INSERT INTO `tb_dict_district` VALUES (2510, '522300', '522327', '册亨县');
INSERT INTO `tb_dict_district` VALUES (2511, '522300', '522328', '安龙县');
INSERT INTO `tb_dict_district` VALUES (2512, '522400', '522401', '毕节市');
INSERT INTO `tb_dict_district` VALUES (2513, '522400', '522422', '大方县');
INSERT INTO `tb_dict_district` VALUES (2514, '522400', '522423', '黔西县');
INSERT INTO `tb_dict_district` VALUES (2515, '522400', '522424', '金沙县');
INSERT INTO `tb_dict_district` VALUES (2516, '522400', '522425', '织金县');
INSERT INTO `tb_dict_district` VALUES (2517, '522400', '522426', '纳雍县');
INSERT INTO `tb_dict_district` VALUES (2518, '522400', '522427', '威宁彝族回族苗族自治县');
INSERT INTO `tb_dict_district` VALUES (2519, '522400', '522428', '赫章县');
INSERT INTO `tb_dict_district` VALUES (2520, '522600', '522601', '凯里市');
INSERT INTO `tb_dict_district` VALUES (2521, '522600', '522622', '黄平县');
INSERT INTO `tb_dict_district` VALUES (2522, '522600', '522623', '施秉县');
INSERT INTO `tb_dict_district` VALUES (2523, '522600', '522624', '三穗县');
INSERT INTO `tb_dict_district` VALUES (2524, '522600', '522625', '镇远县');
INSERT INTO `tb_dict_district` VALUES (2525, '522600', '522626', '岑巩县');
INSERT INTO `tb_dict_district` VALUES (2526, '522600', '522627', '天柱县');
INSERT INTO `tb_dict_district` VALUES (2527, '522600', '522628', '锦屏县');
INSERT INTO `tb_dict_district` VALUES (2528, '522600', '522629', '剑河县');
INSERT INTO `tb_dict_district` VALUES (2529, '522600', '522630', '台江县');
INSERT INTO `tb_dict_district` VALUES (2530, '522600', '522631', '黎平县');
INSERT INTO `tb_dict_district` VALUES (2531, '522600', '522632', '榕江县');
INSERT INTO `tb_dict_district` VALUES (2532, '522600', '522633', '从江县');
INSERT INTO `tb_dict_district` VALUES (2533, '522600', '522634', '雷山县');
INSERT INTO `tb_dict_district` VALUES (2534, '522600', '522635', '麻江县');
INSERT INTO `tb_dict_district` VALUES (2535, '522600', '522636', '丹寨县');
INSERT INTO `tb_dict_district` VALUES (2536, '522700', '522701', '都匀市');
INSERT INTO `tb_dict_district` VALUES (2537, '522700', '522702', '福泉市');
INSERT INTO `tb_dict_district` VALUES (2538, '522700', '522722', '荔波县');
INSERT INTO `tb_dict_district` VALUES (2539, '522700', '522723', '贵定县');
INSERT INTO `tb_dict_district` VALUES (2540, '522700', '522725', '瓮安县');
INSERT INTO `tb_dict_district` VALUES (2541, '522700', '522726', '独山县');
INSERT INTO `tb_dict_district` VALUES (2542, '522700', '522727', '平塘县');
INSERT INTO `tb_dict_district` VALUES (2543, '522700', '522728', '罗甸县');
INSERT INTO `tb_dict_district` VALUES (2544, '522700', '522729', '长顺县');
INSERT INTO `tb_dict_district` VALUES (2545, '522700', '522730', '龙里县');
INSERT INTO `tb_dict_district` VALUES (2546, '522700', '522731', '惠水县');
INSERT INTO `tb_dict_district` VALUES (2547, '522700', '522732', '三都水族自治县');
INSERT INTO `tb_dict_district` VALUES (2548, '530100', '530101', '市辖区');
INSERT INTO `tb_dict_district` VALUES (2549, '530100', '530102', '五华区');
INSERT INTO `tb_dict_district` VALUES (2550, '530100', '530103', '盘龙区');
INSERT INTO `tb_dict_district` VALUES (2551, '530100', '530111', '官渡区');
INSERT INTO `tb_dict_district` VALUES (2552, '530100', '530112', '西山区');
INSERT INTO `tb_dict_district` VALUES (2553, '530100', '530113', '东川区');
INSERT INTO `tb_dict_district` VALUES (2554, '530100', '530121', '呈贡县');
INSERT INTO `tb_dict_district` VALUES (2555, '530100', '530122', '晋宁县');
INSERT INTO `tb_dict_district` VALUES (2556, '530100', '530124', '富民县');
INSERT INTO `tb_dict_district` VALUES (2557, '530100', '530125', '宜良县');
INSERT INTO `tb_dict_district` VALUES (2558, '530100', '530126', '石林彝族自治县');
INSERT INTO `tb_dict_district` VALUES (2559, '530100', '530127', '嵩明县');
INSERT INTO `tb_dict_district` VALUES (2560, '530100', '530128', '禄劝彝族苗族自治县');
INSERT INTO `tb_dict_district` VALUES (2561, '530100', '530129', '寻甸回族彝族自治县');
INSERT INTO `tb_dict_district` VALUES (2562, '530100', '530181', '安宁市');
INSERT INTO `tb_dict_district` VALUES (2563, '530300', '530301', '市辖区');
INSERT INTO `tb_dict_district` VALUES (2564, '530300', '530302', '麒麟区');
INSERT INTO `tb_dict_district` VALUES (2565, '530300', '530321', '马龙县');
INSERT INTO `tb_dict_district` VALUES (2566, '530300', '530322', '陆良县');
INSERT INTO `tb_dict_district` VALUES (2567, '530300', '530323', '师宗县');
INSERT INTO `tb_dict_district` VALUES (2568, '530300', '530324', '罗平县');
INSERT INTO `tb_dict_district` VALUES (2569, '530300', '530325', '富源县');
INSERT INTO `tb_dict_district` VALUES (2570, '530300', '530326', '会泽县');
INSERT INTO `tb_dict_district` VALUES (2571, '530300', '530328', '沾益县');
INSERT INTO `tb_dict_district` VALUES (2572, '530300', '530381', '宣威市');
INSERT INTO `tb_dict_district` VALUES (2573, '530400', '530401', '市辖区');
INSERT INTO `tb_dict_district` VALUES (2574, '530400', '530402', '红塔区');
INSERT INTO `tb_dict_district` VALUES (2575, '530400', '530421', '江川县');
INSERT INTO `tb_dict_district` VALUES (2576, '530400', '530422', '澄江县');
INSERT INTO `tb_dict_district` VALUES (2577, '530400', '530423', '通海县');
INSERT INTO `tb_dict_district` VALUES (2578, '530400', '530424', '华宁县');
INSERT INTO `tb_dict_district` VALUES (2579, '530400', '530425', '易门县');
INSERT INTO `tb_dict_district` VALUES (2580, '530400', '530426', '峨山彝族自治县');
INSERT INTO `tb_dict_district` VALUES (2581, '530400', '530427', '新平彝族傣族自治县');
INSERT INTO `tb_dict_district` VALUES (2582, '530400', '530428', '元江哈尼族彝族傣族自治县');
INSERT INTO `tb_dict_district` VALUES (2583, '530500', '530501', '市辖区');
INSERT INTO `tb_dict_district` VALUES (2584, '530500', '530502', '隆阳区');
INSERT INTO `tb_dict_district` VALUES (2585, '530500', '530521', '施甸县');
INSERT INTO `tb_dict_district` VALUES (2586, '530500', '530522', '腾冲县');
INSERT INTO `tb_dict_district` VALUES (2587, '530500', '530523', '龙陵县');
INSERT INTO `tb_dict_district` VALUES (2588, '530500', '530524', '昌宁县');
INSERT INTO `tb_dict_district` VALUES (2589, '530600', '530601', '市辖区');
INSERT INTO `tb_dict_district` VALUES (2590, '530600', '530602', '昭阳区');
INSERT INTO `tb_dict_district` VALUES (2591, '530600', '530621', '鲁甸县');
INSERT INTO `tb_dict_district` VALUES (2592, '530600', '530622', '巧家县');
INSERT INTO `tb_dict_district` VALUES (2593, '530600', '530623', '盐津县');
INSERT INTO `tb_dict_district` VALUES (2594, '530600', '530624', '大关县');
INSERT INTO `tb_dict_district` VALUES (2595, '530600', '530625', '永善县');
INSERT INTO `tb_dict_district` VALUES (2596, '530600', '530626', '绥江县');
INSERT INTO `tb_dict_district` VALUES (2597, '530600', '530627', '镇雄县');
INSERT INTO `tb_dict_district` VALUES (2598, '530600', '530628', '彝良县');
INSERT INTO `tb_dict_district` VALUES (2599, '530600', '530629', '威信县');
INSERT INTO `tb_dict_district` VALUES (2600, '530600', '530630', '水富县');
INSERT INTO `tb_dict_district` VALUES (2601, '530700', '530701', '市辖区');
INSERT INTO `tb_dict_district` VALUES (2602, '530700', '530702', '古城区');
INSERT INTO `tb_dict_district` VALUES (2603, '530700', '530721', '玉龙纳西族自治县');
INSERT INTO `tb_dict_district` VALUES (2604, '530700', '530722', '永胜县');
INSERT INTO `tb_dict_district` VALUES (2605, '530700', '530723', '华坪县');
INSERT INTO `tb_dict_district` VALUES (2606, '530700', '530724', '宁蒗彝族自治县');
INSERT INTO `tb_dict_district` VALUES (2607, '530800', '530801', '市辖区');
INSERT INTO `tb_dict_district` VALUES (2608, '530800', '530802', '翠云区');
INSERT INTO `tb_dict_district` VALUES (2609, '530800', '530821', '普洱哈尼族彝族自治县');
INSERT INTO `tb_dict_district` VALUES (2610, '530800', '530822', '墨江哈尼族自治县');
INSERT INTO `tb_dict_district` VALUES (2611, '530800', '530823', '景东彝族自治县');
INSERT INTO `tb_dict_district` VALUES (2612, '530800', '530824', '景谷傣族彝族自治县');
INSERT INTO `tb_dict_district` VALUES (2613, '530800', '530825', '镇沅彝族哈尼族拉祜族自治县');
INSERT INTO `tb_dict_district` VALUES (2614, '530800', '530826', '江城哈尼族彝族自治县');
INSERT INTO `tb_dict_district` VALUES (2615, '530800', '530827', '孟连傣族拉祜族佤族自治县');
INSERT INTO `tb_dict_district` VALUES (2616, '530800', '530828', '澜沧拉祜族自治县');
INSERT INTO `tb_dict_district` VALUES (2617, '530800', '530829', '西盟佤族自治县');
INSERT INTO `tb_dict_district` VALUES (2618, '530900', '530901', '市辖区');
INSERT INTO `tb_dict_district` VALUES (2619, '530900', '530902', '临翔区');
INSERT INTO `tb_dict_district` VALUES (2620, '530900', '530921', '凤庆县');
INSERT INTO `tb_dict_district` VALUES (2621, '530900', '530922', '云　县');
INSERT INTO `tb_dict_district` VALUES (2622, '530900', '530923', '永德县');
INSERT INTO `tb_dict_district` VALUES (2623, '530900', '530924', '镇康县');
INSERT INTO `tb_dict_district` VALUES (2624, '530900', '530925', '双江拉祜族佤族布朗族傣族自治县');
INSERT INTO `tb_dict_district` VALUES (2625, '530900', '530926', '耿马傣族佤族自治县');
INSERT INTO `tb_dict_district` VALUES (2626, '530900', '530927', '沧源佤族自治县');
INSERT INTO `tb_dict_district` VALUES (2627, '532300', '532301', '楚雄市');
INSERT INTO `tb_dict_district` VALUES (2628, '532300', '532322', '双柏县');
INSERT INTO `tb_dict_district` VALUES (2629, '532300', '532323', '牟定县');
INSERT INTO `tb_dict_district` VALUES (2630, '532300', '532324', '南华县');
INSERT INTO `tb_dict_district` VALUES (2631, '532300', '532325', '姚安县');
INSERT INTO `tb_dict_district` VALUES (2632, '532300', '532326', '大姚县');
INSERT INTO `tb_dict_district` VALUES (2633, '532300', '532327', '永仁县');
INSERT INTO `tb_dict_district` VALUES (2634, '532300', '532328', '元谋县');
INSERT INTO `tb_dict_district` VALUES (2635, '532300', '532329', '武定县');
INSERT INTO `tb_dict_district` VALUES (2636, '532300', '532331', '禄丰县');
INSERT INTO `tb_dict_district` VALUES (2637, '532500', '532501', '个旧市');
INSERT INTO `tb_dict_district` VALUES (2638, '532500', '532502', '开远市');
INSERT INTO `tb_dict_district` VALUES (2639, '532500', '532522', '蒙自县');
INSERT INTO `tb_dict_district` VALUES (2640, '532500', '532523', '屏边苗族自治县');
INSERT INTO `tb_dict_district` VALUES (2641, '532500', '532524', '建水县');
INSERT INTO `tb_dict_district` VALUES (2642, '532500', '532525', '石屏县');
INSERT INTO `tb_dict_district` VALUES (2643, '532500', '532526', '弥勒县');
INSERT INTO `tb_dict_district` VALUES (2644, '532500', '532527', '泸西县');
INSERT INTO `tb_dict_district` VALUES (2645, '532500', '532528', '元阳县');
INSERT INTO `tb_dict_district` VALUES (2646, '532500', '532529', '红河县');
INSERT INTO `tb_dict_district` VALUES (2647, '532500', '532530', '金平苗族瑶族傣族自治县');
INSERT INTO `tb_dict_district` VALUES (2648, '532500', '532531', '绿春县');
INSERT INTO `tb_dict_district` VALUES (2649, '532500', '532532', '河口瑶族自治县');
INSERT INTO `tb_dict_district` VALUES (2650, '532600', '532621', '文山县');
INSERT INTO `tb_dict_district` VALUES (2651, '532600', '532622', '砚山县');
INSERT INTO `tb_dict_district` VALUES (2652, '532600', '532623', '西畴县');
INSERT INTO `tb_dict_district` VALUES (2653, '532600', '532624', '麻栗坡县');
INSERT INTO `tb_dict_district` VALUES (2654, '532600', '532625', '马关县');
INSERT INTO `tb_dict_district` VALUES (2655, '532600', '532626', '丘北县');
INSERT INTO `tb_dict_district` VALUES (2656, '532600', '532627', '广南县');
INSERT INTO `tb_dict_district` VALUES (2657, '532600', '532628', '富宁县');
INSERT INTO `tb_dict_district` VALUES (2658, '532800', '532801', '景洪市');
INSERT INTO `tb_dict_district` VALUES (2659, '532800', '532822', '勐海县');
INSERT INTO `tb_dict_district` VALUES (2660, '532800', '532823', '勐腊县');
INSERT INTO `tb_dict_district` VALUES (2661, '532900', '532901', '大理市');
INSERT INTO `tb_dict_district` VALUES (2662, '532900', '532922', '漾濞彝族自治县');
INSERT INTO `tb_dict_district` VALUES (2663, '532900', '532923', '祥云县');
INSERT INTO `tb_dict_district` VALUES (2664, '532900', '532924', '宾川县');
INSERT INTO `tb_dict_district` VALUES (2665, '532900', '532925', '弥渡县');
INSERT INTO `tb_dict_district` VALUES (2666, '532900', '532926', '南涧彝族自治县');
INSERT INTO `tb_dict_district` VALUES (2667, '532900', '532927', '巍山彝族回族自治县');
INSERT INTO `tb_dict_district` VALUES (2668, '532900', '532928', '永平县');
INSERT INTO `tb_dict_district` VALUES (2669, '532900', '532929', '云龙县');
INSERT INTO `tb_dict_district` VALUES (2670, '532900', '532930', '洱源县');
INSERT INTO `tb_dict_district` VALUES (2671, '532900', '532931', '剑川县');
INSERT INTO `tb_dict_district` VALUES (2672, '532900', '532932', '鹤庆县');
INSERT INTO `tb_dict_district` VALUES (2673, '533100', '533102', '瑞丽市');
INSERT INTO `tb_dict_district` VALUES (2674, '533100', '533103', '潞西市');
INSERT INTO `tb_dict_district` VALUES (2675, '533100', '533122', '梁河县');
INSERT INTO `tb_dict_district` VALUES (2676, '533100', '533123', '盈江县');
INSERT INTO `tb_dict_district` VALUES (2677, '533100', '533124', '陇川县');
INSERT INTO `tb_dict_district` VALUES (2678, '533300', '533321', '泸水县');
INSERT INTO `tb_dict_district` VALUES (2679, '533300', '533323', '福贡县');
INSERT INTO `tb_dict_district` VALUES (2680, '533300', '533324', '贡山独龙族怒族自治县');
INSERT INTO `tb_dict_district` VALUES (2681, '533300', '533325', '兰坪白族普米族自治县');
INSERT INTO `tb_dict_district` VALUES (2682, '533400', '533421', '香格里拉县');
INSERT INTO `tb_dict_district` VALUES (2683, '533400', '533422', '德钦县');
INSERT INTO `tb_dict_district` VALUES (2684, '533400', '533423', '维西傈僳族自治县');
INSERT INTO `tb_dict_district` VALUES (2685, '540100', '540101', '市辖区');
INSERT INTO `tb_dict_district` VALUES (2686, '540100', '540102', '城关区');
INSERT INTO `tb_dict_district` VALUES (2687, '540100', '540121', '林周县');
INSERT INTO `tb_dict_district` VALUES (2688, '540100', '540122', '当雄县');
INSERT INTO `tb_dict_district` VALUES (2689, '540100', '540123', '尼木县');
INSERT INTO `tb_dict_district` VALUES (2690, '540100', '540124', '曲水县');
INSERT INTO `tb_dict_district` VALUES (2691, '540100', '540125', '堆龙德庆县');
INSERT INTO `tb_dict_district` VALUES (2692, '540100', '540126', '达孜县');
INSERT INTO `tb_dict_district` VALUES (2693, '540100', '540127', '墨竹工卡县');
INSERT INTO `tb_dict_district` VALUES (2694, '542100', '542121', '昌都县');
INSERT INTO `tb_dict_district` VALUES (2695, '542100', '542122', '江达县');
INSERT INTO `tb_dict_district` VALUES (2696, '542100', '542123', '贡觉县');
INSERT INTO `tb_dict_district` VALUES (2697, '542100', '542124', '类乌齐县');
INSERT INTO `tb_dict_district` VALUES (2698, '542100', '542125', '丁青县');
INSERT INTO `tb_dict_district` VALUES (2699, '542100', '542126', '察雅县');
INSERT INTO `tb_dict_district` VALUES (2700, '542100', '542127', '八宿县');
INSERT INTO `tb_dict_district` VALUES (2701, '542100', '542128', '左贡县');
INSERT INTO `tb_dict_district` VALUES (2702, '542100', '542129', '芒康县');
INSERT INTO `tb_dict_district` VALUES (2703, '542100', '542132', '洛隆县');
INSERT INTO `tb_dict_district` VALUES (2704, '542100', '542133', '边坝县');
INSERT INTO `tb_dict_district` VALUES (2705, '542200', '542221', '乃东县');
INSERT INTO `tb_dict_district` VALUES (2706, '542200', '542222', '扎囊县');
INSERT INTO `tb_dict_district` VALUES (2707, '542200', '542223', '贡嘎县');
INSERT INTO `tb_dict_district` VALUES (2708, '542200', '542224', '桑日县');
INSERT INTO `tb_dict_district` VALUES (2709, '542200', '542225', '琼结县');
INSERT INTO `tb_dict_district` VALUES (2710, '542200', '542226', '曲松县');
INSERT INTO `tb_dict_district` VALUES (2711, '542200', '542227', '措美县');
INSERT INTO `tb_dict_district` VALUES (2712, '542200', '542228', '洛扎县');
INSERT INTO `tb_dict_district` VALUES (2713, '542200', '542229', '加查县');
INSERT INTO `tb_dict_district` VALUES (2714, '542200', '542231', '隆子县');
INSERT INTO `tb_dict_district` VALUES (2715, '542200', '542232', '错那县');
INSERT INTO `tb_dict_district` VALUES (2716, '542200', '542233', '浪卡子县');
INSERT INTO `tb_dict_district` VALUES (2717, '542300', '542301', '日喀则市');
INSERT INTO `tb_dict_district` VALUES (2718, '542300', '542322', '南木林县');
INSERT INTO `tb_dict_district` VALUES (2719, '542300', '542323', '江孜县');
INSERT INTO `tb_dict_district` VALUES (2720, '542300', '542324', '定日县');
INSERT INTO `tb_dict_district` VALUES (2721, '542300', '542325', '萨迦县');
INSERT INTO `tb_dict_district` VALUES (2722, '542300', '542326', '拉孜县');
INSERT INTO `tb_dict_district` VALUES (2723, '542300', '542327', '昂仁县');
INSERT INTO `tb_dict_district` VALUES (2724, '542300', '542328', '谢通门县');
INSERT INTO `tb_dict_district` VALUES (2725, '542300', '542329', '白朗县');
INSERT INTO `tb_dict_district` VALUES (2726, '542300', '542330', '仁布县');
INSERT INTO `tb_dict_district` VALUES (2727, '542300', '542331', '康马县');
INSERT INTO `tb_dict_district` VALUES (2728, '542300', '542332', '定结县');
INSERT INTO `tb_dict_district` VALUES (2729, '542300', '542333', '仲巴县');
INSERT INTO `tb_dict_district` VALUES (2730, '542300', '542334', '亚东县');
INSERT INTO `tb_dict_district` VALUES (2731, '542300', '542335', '吉隆县');
INSERT INTO `tb_dict_district` VALUES (2732, '542300', '542336', '聂拉木县');
INSERT INTO `tb_dict_district` VALUES (2733, '542300', '542337', '萨嘎县');
INSERT INTO `tb_dict_district` VALUES (2734, '542300', '542338', '岗巴县');
INSERT INTO `tb_dict_district` VALUES (2735, '542400', '542421', '那曲县');
INSERT INTO `tb_dict_district` VALUES (2736, '542400', '542422', '嘉黎县');
INSERT INTO `tb_dict_district` VALUES (2737, '542400', '542423', '比如县');
INSERT INTO `tb_dict_district` VALUES (2738, '542400', '542424', '聂荣县');
INSERT INTO `tb_dict_district` VALUES (2739, '542400', '542425', '安多县');
INSERT INTO `tb_dict_district` VALUES (2740, '542400', '542426', '申扎县');
INSERT INTO `tb_dict_district` VALUES (2741, '542400', '542427', '索　县');
INSERT INTO `tb_dict_district` VALUES (2742, '542400', '542428', '班戈县');
INSERT INTO `tb_dict_district` VALUES (2743, '542400', '542429', '巴青县');
INSERT INTO `tb_dict_district` VALUES (2744, '542400', '542430', '尼玛县');
INSERT INTO `tb_dict_district` VALUES (2745, '542500', '542521', '普兰县');
INSERT INTO `tb_dict_district` VALUES (2746, '542500', '542522', '札达县');
INSERT INTO `tb_dict_district` VALUES (2747, '542500', '542523', '噶尔县');
INSERT INTO `tb_dict_district` VALUES (2748, '542500', '542524', '日土县');
INSERT INTO `tb_dict_district` VALUES (2749, '542500', '542525', '革吉县');
INSERT INTO `tb_dict_district` VALUES (2750, '542500', '542526', '改则县');
INSERT INTO `tb_dict_district` VALUES (2751, '542500', '542527', '措勤县');
INSERT INTO `tb_dict_district` VALUES (2752, '542600', '542621', '林芝县');
INSERT INTO `tb_dict_district` VALUES (2753, '542600', '542622', '工布江达县');
INSERT INTO `tb_dict_district` VALUES (2754, '542600', '542623', '米林县');
INSERT INTO `tb_dict_district` VALUES (2755, '542600', '542624', '墨脱县');
INSERT INTO `tb_dict_district` VALUES (2756, '542600', '542625', '波密县');
INSERT INTO `tb_dict_district` VALUES (2757, '542600', '542626', '察隅县');
INSERT INTO `tb_dict_district` VALUES (2758, '542600', '542627', '朗　县');
INSERT INTO `tb_dict_district` VALUES (2759, '610100', '610101', '市辖区');
INSERT INTO `tb_dict_district` VALUES (2760, '610100', '610102', '新城区');
INSERT INTO `tb_dict_district` VALUES (2761, '610100', '610103', '碑林区');
INSERT INTO `tb_dict_district` VALUES (2762, '610100', '610104', '莲湖区');
INSERT INTO `tb_dict_district` VALUES (2763, '610100', '610111', '灞桥区');
INSERT INTO `tb_dict_district` VALUES (2764, '610100', '610112', '未央区');
INSERT INTO `tb_dict_district` VALUES (2765, '610100', '610113', '雁塔区');
INSERT INTO `tb_dict_district` VALUES (2766, '610100', '610114', '阎良区');
INSERT INTO `tb_dict_district` VALUES (2767, '610100', '610115', '临潼区');
INSERT INTO `tb_dict_district` VALUES (2768, '610100', '610116', '长安区');
INSERT INTO `tb_dict_district` VALUES (2769, '610100', '610122', '蓝田县');
INSERT INTO `tb_dict_district` VALUES (2770, '610100', '610124', '周至县');
INSERT INTO `tb_dict_district` VALUES (2771, '610100', '610125', '户　县');
INSERT INTO `tb_dict_district` VALUES (2772, '610100', '610126', '高陵县');
INSERT INTO `tb_dict_district` VALUES (2773, '610200', '610201', '市辖区');
INSERT INTO `tb_dict_district` VALUES (2774, '610200', '610202', '王益区');
INSERT INTO `tb_dict_district` VALUES (2775, '610200', '610203', '印台区');
INSERT INTO `tb_dict_district` VALUES (2776, '610200', '610204', '耀州区');
INSERT INTO `tb_dict_district` VALUES (2777, '610200', '610222', '宜君县');
INSERT INTO `tb_dict_district` VALUES (2778, '610300', '610301', '市辖区');
INSERT INTO `tb_dict_district` VALUES (2779, '610300', '610302', '渭滨区');
INSERT INTO `tb_dict_district` VALUES (2780, '610300', '610303', '金台区');
INSERT INTO `tb_dict_district` VALUES (2781, '610300', '610304', '陈仓区');
INSERT INTO `tb_dict_district` VALUES (2782, '610300', '610322', '凤翔县');
INSERT INTO `tb_dict_district` VALUES (2783, '610300', '610323', '岐山县');
INSERT INTO `tb_dict_district` VALUES (2784, '610300', '610324', '扶风县');
INSERT INTO `tb_dict_district` VALUES (2785, '610300', '610326', '眉　县');
INSERT INTO `tb_dict_district` VALUES (2786, '610300', '610327', '陇　县');
INSERT INTO `tb_dict_district` VALUES (2787, '610300', '610328', '千阳县');
INSERT INTO `tb_dict_district` VALUES (2788, '610300', '610329', '麟游县');
INSERT INTO `tb_dict_district` VALUES (2789, '610300', '610330', '凤　县');
INSERT INTO `tb_dict_district` VALUES (2790, '610300', '610331', '太白县');
INSERT INTO `tb_dict_district` VALUES (2791, '610400', '610401', '市辖区');
INSERT INTO `tb_dict_district` VALUES (2792, '610400', '610402', '秦都区');
INSERT INTO `tb_dict_district` VALUES (2793, '610400', '610403', '杨凌区');
INSERT INTO `tb_dict_district` VALUES (2794, '610400', '610404', '渭城区');
INSERT INTO `tb_dict_district` VALUES (2795, '610400', '610422', '三原县');
INSERT INTO `tb_dict_district` VALUES (2796, '610400', '610423', '泾阳县');
INSERT INTO `tb_dict_district` VALUES (2797, '610400', '610424', '乾　县');
INSERT INTO `tb_dict_district` VALUES (2798, '610400', '610425', '礼泉县');
INSERT INTO `tb_dict_district` VALUES (2799, '610400', '610426', '永寿县');
INSERT INTO `tb_dict_district` VALUES (2800, '610400', '610427', '彬　县');
INSERT INTO `tb_dict_district` VALUES (2801, '610400', '610428', '长武县');
INSERT INTO `tb_dict_district` VALUES (2802, '610400', '610429', '旬邑县');
INSERT INTO `tb_dict_district` VALUES (2803, '610400', '610430', '淳化县');
INSERT INTO `tb_dict_district` VALUES (2804, '610400', '610431', '武功县');
INSERT INTO `tb_dict_district` VALUES (2805, '610400', '610481', '兴平市');
INSERT INTO `tb_dict_district` VALUES (2806, '610500', '610501', '市辖区');
INSERT INTO `tb_dict_district` VALUES (2807, '610500', '610502', '临渭区');
INSERT INTO `tb_dict_district` VALUES (2808, '610500', '610521', '华　县');
INSERT INTO `tb_dict_district` VALUES (2809, '610500', '610522', '潼关县');
INSERT INTO `tb_dict_district` VALUES (2810, '610500', '610523', '大荔县');
INSERT INTO `tb_dict_district` VALUES (2811, '610500', '610524', '合阳县');
INSERT INTO `tb_dict_district` VALUES (2812, '610500', '610525', '澄城县');
INSERT INTO `tb_dict_district` VALUES (2813, '610500', '610526', '蒲城县');
INSERT INTO `tb_dict_district` VALUES (2814, '610500', '610527', '白水县');
INSERT INTO `tb_dict_district` VALUES (2815, '610500', '610528', '富平县');
INSERT INTO `tb_dict_district` VALUES (2816, '610500', '610581', '韩城市');
INSERT INTO `tb_dict_district` VALUES (2817, '610500', '610582', '华阴市');
INSERT INTO `tb_dict_district` VALUES (2818, '610600', '610601', '市辖区');
INSERT INTO `tb_dict_district` VALUES (2819, '610600', '610602', '宝塔区');
INSERT INTO `tb_dict_district` VALUES (2820, '610600', '610621', '延长县');
INSERT INTO `tb_dict_district` VALUES (2821, '610600', '610622', '延川县');
INSERT INTO `tb_dict_district` VALUES (2822, '610600', '610623', '子长县');
INSERT INTO `tb_dict_district` VALUES (2823, '610600', '610624', '安塞县');
INSERT INTO `tb_dict_district` VALUES (2824, '610600', '610625', '志丹县');
INSERT INTO `tb_dict_district` VALUES (2825, '610600', '610626', '吴旗县');
INSERT INTO `tb_dict_district` VALUES (2826, '610600', '610627', '甘泉县');
INSERT INTO `tb_dict_district` VALUES (2827, '610600', '610628', '富　县');
INSERT INTO `tb_dict_district` VALUES (2828, '610600', '610629', '洛川县');
INSERT INTO `tb_dict_district` VALUES (2829, '610600', '610630', '宜川县');
INSERT INTO `tb_dict_district` VALUES (2830, '610600', '610631', '黄龙县');
INSERT INTO `tb_dict_district` VALUES (2831, '610600', '610632', '黄陵县');
INSERT INTO `tb_dict_district` VALUES (2832, '610700', '610701', '市辖区');
INSERT INTO `tb_dict_district` VALUES (2833, '610700', '610702', '汉台区');
INSERT INTO `tb_dict_district` VALUES (2834, '610700', '610721', '南郑县');
INSERT INTO `tb_dict_district` VALUES (2835, '610700', '610722', '城固县');
INSERT INTO `tb_dict_district` VALUES (2836, '610700', '610723', '洋　县');
INSERT INTO `tb_dict_district` VALUES (2837, '610700', '610724', '西乡县');
INSERT INTO `tb_dict_district` VALUES (2838, '610700', '610725', '勉　县');
INSERT INTO `tb_dict_district` VALUES (2839, '610700', '610726', '宁强县');
INSERT INTO `tb_dict_district` VALUES (2840, '610700', '610727', '略阳县');
INSERT INTO `tb_dict_district` VALUES (2841, '610700', '610728', '镇巴县');
INSERT INTO `tb_dict_district` VALUES (2842, '610700', '610729', '留坝县');
INSERT INTO `tb_dict_district` VALUES (2843, '610700', '610730', '佛坪县');
INSERT INTO `tb_dict_district` VALUES (2844, '610800', '610801', '市辖区');
INSERT INTO `tb_dict_district` VALUES (2845, '610800', '610802', '榆阳区');
INSERT INTO `tb_dict_district` VALUES (2846, '610800', '610821', '神木县');
INSERT INTO `tb_dict_district` VALUES (2847, '610800', '610822', '府谷县');
INSERT INTO `tb_dict_district` VALUES (2848, '610800', '610823', '横山县');
INSERT INTO `tb_dict_district` VALUES (2849, '610800', '610824', '靖边县');
INSERT INTO `tb_dict_district` VALUES (2850, '610800', '610825', '定边县');
INSERT INTO `tb_dict_district` VALUES (2851, '610800', '610826', '绥德县');
INSERT INTO `tb_dict_district` VALUES (2852, '610800', '610827', '米脂县');
INSERT INTO `tb_dict_district` VALUES (2853, '610800', '610828', '佳　县');
INSERT INTO `tb_dict_district` VALUES (2854, '610800', '610829', '吴堡县');
INSERT INTO `tb_dict_district` VALUES (2855, '610800', '610830', '清涧县');
INSERT INTO `tb_dict_district` VALUES (2856, '610800', '610831', '子洲县');
INSERT INTO `tb_dict_district` VALUES (2857, '610900', '610901', '市辖区');
INSERT INTO `tb_dict_district` VALUES (2858, '610900', '610902', '汉滨区');
INSERT INTO `tb_dict_district` VALUES (2859, '610900', '610921', '汉阴县');
INSERT INTO `tb_dict_district` VALUES (2860, '610900', '610922', '石泉县');
INSERT INTO `tb_dict_district` VALUES (2861, '610900', '610923', '宁陕县');
INSERT INTO `tb_dict_district` VALUES (2862, '610900', '610924', '紫阳县');
INSERT INTO `tb_dict_district` VALUES (2863, '610900', '610925', '岚皋县');
INSERT INTO `tb_dict_district` VALUES (2864, '610900', '610926', '平利县');
INSERT INTO `tb_dict_district` VALUES (2865, '610900', '610927', '镇坪县');
INSERT INTO `tb_dict_district` VALUES (2866, '610900', '610928', '旬阳县');
INSERT INTO `tb_dict_district` VALUES (2867, '610900', '610929', '白河县');
INSERT INTO `tb_dict_district` VALUES (2868, '611000', '611001', '市辖区');
INSERT INTO `tb_dict_district` VALUES (2869, '611000', '611002', '商州区');
INSERT INTO `tb_dict_district` VALUES (2870, '611000', '611021', '洛南县');
INSERT INTO `tb_dict_district` VALUES (2871, '611000', '611022', '丹凤县');
INSERT INTO `tb_dict_district` VALUES (2872, '611000', '611023', '商南县');
INSERT INTO `tb_dict_district` VALUES (2873, '611000', '611024', '山阳县');
INSERT INTO `tb_dict_district` VALUES (2874, '611000', '611025', '镇安县');
INSERT INTO `tb_dict_district` VALUES (2875, '611000', '611026', '柞水县');
INSERT INTO `tb_dict_district` VALUES (2876, '620100', '620101', '市辖区');
INSERT INTO `tb_dict_district` VALUES (2877, '620100', '620102', '城关区');
INSERT INTO `tb_dict_district` VALUES (2878, '620100', '620103', '七里河区');
INSERT INTO `tb_dict_district` VALUES (2879, '620100', '620104', '西固区');
INSERT INTO `tb_dict_district` VALUES (2880, '620100', '620105', '安宁区');
INSERT INTO `tb_dict_district` VALUES (2881, '620100', '620111', '红古区');
INSERT INTO `tb_dict_district` VALUES (2882, '620100', '620121', '永登县');
INSERT INTO `tb_dict_district` VALUES (2883, '620100', '620122', '皋兰县');
INSERT INTO `tb_dict_district` VALUES (2884, '620100', '620123', '榆中县');
INSERT INTO `tb_dict_district` VALUES (2885, '620200', '620201', '市辖区');
INSERT INTO `tb_dict_district` VALUES (2886, '620300', '620301', '市辖区');
INSERT INTO `tb_dict_district` VALUES (2887, '620300', '620302', '金川区');
INSERT INTO `tb_dict_district` VALUES (2888, '620300', '620321', '永昌县');
INSERT INTO `tb_dict_district` VALUES (2889, '620400', '620401', '市辖区');
INSERT INTO `tb_dict_district` VALUES (2890, '620400', '620402', '白银区');
INSERT INTO `tb_dict_district` VALUES (2891, '620400', '620403', '平川区');
INSERT INTO `tb_dict_district` VALUES (2892, '620400', '620421', '靖远县');
INSERT INTO `tb_dict_district` VALUES (2893, '620400', '620422', '会宁县');
INSERT INTO `tb_dict_district` VALUES (2894, '620400', '620423', '景泰县');
INSERT INTO `tb_dict_district` VALUES (2895, '620500', '620501', '市辖区');
INSERT INTO `tb_dict_district` VALUES (2896, '620500', '620502', '秦城区');
INSERT INTO `tb_dict_district` VALUES (2897, '620500', '620503', '北道区');
INSERT INTO `tb_dict_district` VALUES (2898, '620500', '620521', '清水县');
INSERT INTO `tb_dict_district` VALUES (2899, '620500', '620522', '秦安县');
INSERT INTO `tb_dict_district` VALUES (2900, '620500', '620523', '甘谷县');
INSERT INTO `tb_dict_district` VALUES (2901, '620500', '620524', '武山县');
INSERT INTO `tb_dict_district` VALUES (2902, '620500', '620525', '张家川回族自治县');
INSERT INTO `tb_dict_district` VALUES (2903, '620600', '620601', '市辖区');
INSERT INTO `tb_dict_district` VALUES (2904, '620600', '620602', '凉州区');
INSERT INTO `tb_dict_district` VALUES (2905, '620600', '620621', '民勤县');
INSERT INTO `tb_dict_district` VALUES (2906, '620600', '620622', '古浪县');
INSERT INTO `tb_dict_district` VALUES (2907, '620600', '620623', '天祝藏族自治县');
INSERT INTO `tb_dict_district` VALUES (2908, '620700', '620701', '市辖区');
INSERT INTO `tb_dict_district` VALUES (2909, '620700', '620702', '甘州区');
INSERT INTO `tb_dict_district` VALUES (2910, '620700', '620721', '肃南裕固族自治县');
INSERT INTO `tb_dict_district` VALUES (2911, '620700', '620722', '民乐县');
INSERT INTO `tb_dict_district` VALUES (2912, '620700', '620723', '临泽县');
INSERT INTO `tb_dict_district` VALUES (2913, '620700', '620724', '高台县');
INSERT INTO `tb_dict_district` VALUES (2914, '620700', '620725', '山丹县');
INSERT INTO `tb_dict_district` VALUES (2915, '620800', '620801', '市辖区');
INSERT INTO `tb_dict_district` VALUES (2916, '620800', '620802', '崆峒区');
INSERT INTO `tb_dict_district` VALUES (2917, '620800', '620821', '泾川县');
INSERT INTO `tb_dict_district` VALUES (2918, '620800', '620822', '灵台县');
INSERT INTO `tb_dict_district` VALUES (2919, '620800', '620823', '崇信县');
INSERT INTO `tb_dict_district` VALUES (2920, '620800', '620824', '华亭县');
INSERT INTO `tb_dict_district` VALUES (2921, '620800', '620825', '庄浪县');
INSERT INTO `tb_dict_district` VALUES (2922, '620800', '620826', '静宁县');
INSERT INTO `tb_dict_district` VALUES (2923, '620900', '620901', '市辖区');
INSERT INTO `tb_dict_district` VALUES (2924, '620900', '620902', '肃州区');
INSERT INTO `tb_dict_district` VALUES (2925, '620900', '620921', '金塔县');
INSERT INTO `tb_dict_district` VALUES (2926, '620900', '620922', '安西县');
INSERT INTO `tb_dict_district` VALUES (2927, '620900', '620923', '肃北蒙古族自治县');
INSERT INTO `tb_dict_district` VALUES (2928, '620900', '620924', '阿克塞哈萨克族自治县');
INSERT INTO `tb_dict_district` VALUES (2929, '620900', '620981', '玉门市');
INSERT INTO `tb_dict_district` VALUES (2930, '620900', '620982', '敦煌市');
INSERT INTO `tb_dict_district` VALUES (2931, '621000', '621001', '市辖区');
INSERT INTO `tb_dict_district` VALUES (2932, '621000', '621002', '西峰区');
INSERT INTO `tb_dict_district` VALUES (2933, '621000', '621021', '庆城县');
INSERT INTO `tb_dict_district` VALUES (2934, '621000', '621022', '环　县');
INSERT INTO `tb_dict_district` VALUES (2935, '621000', '621023', '华池县');
INSERT INTO `tb_dict_district` VALUES (2936, '621000', '621024', '合水县');
INSERT INTO `tb_dict_district` VALUES (2937, '621000', '621025', '正宁县');
INSERT INTO `tb_dict_district` VALUES (2938, '621000', '621026', '宁　县');
INSERT INTO `tb_dict_district` VALUES (2939, '621000', '621027', '镇原县');
INSERT INTO `tb_dict_district` VALUES (2940, '621100', '621101', '市辖区');
INSERT INTO `tb_dict_district` VALUES (2941, '621100', '621102', '安定区');
INSERT INTO `tb_dict_district` VALUES (2942, '621100', '621121', '通渭县');
INSERT INTO `tb_dict_district` VALUES (2943, '621100', '621122', '陇西县');
INSERT INTO `tb_dict_district` VALUES (2944, '621100', '621123', '渭源县');
INSERT INTO `tb_dict_district` VALUES (2945, '621100', '621124', '临洮县');
INSERT INTO `tb_dict_district` VALUES (2946, '621100', '621125', '漳　县');
INSERT INTO `tb_dict_district` VALUES (2947, '621100', '621126', '岷　县');
INSERT INTO `tb_dict_district` VALUES (2948, '621200', '621201', '市辖区');
INSERT INTO `tb_dict_district` VALUES (2949, '621200', '621202', '武都区');
INSERT INTO `tb_dict_district` VALUES (2950, '621200', '621221', '成　县');
INSERT INTO `tb_dict_district` VALUES (2951, '621200', '621222', '文　县');
INSERT INTO `tb_dict_district` VALUES (2952, '621200', '621223', '宕昌县');
INSERT INTO `tb_dict_district` VALUES (2953, '621200', '621224', '康　县');
INSERT INTO `tb_dict_district` VALUES (2954, '621200', '621225', '西和县');
INSERT INTO `tb_dict_district` VALUES (2955, '621200', '621226', '礼　县');
INSERT INTO `tb_dict_district` VALUES (2956, '621200', '621227', '徽　县');
INSERT INTO `tb_dict_district` VALUES (2957, '621200', '621228', '两当县');
INSERT INTO `tb_dict_district` VALUES (2958, '622900', '622901', '临夏市');
INSERT INTO `tb_dict_district` VALUES (2959, '622900', '622921', '临夏县');
INSERT INTO `tb_dict_district` VALUES (2960, '622900', '622922', '康乐县');
INSERT INTO `tb_dict_district` VALUES (2961, '622900', '622923', '永靖县');
INSERT INTO `tb_dict_district` VALUES (2962, '622900', '622924', '广河县');
INSERT INTO `tb_dict_district` VALUES (2963, '622900', '622925', '和政县');
INSERT INTO `tb_dict_district` VALUES (2964, '622900', '622926', '东乡族自治县');
INSERT INTO `tb_dict_district` VALUES (2965, '622900', '622927', '积石山保安族东乡族撒拉族自治县');
INSERT INTO `tb_dict_district` VALUES (2966, '623000', '623001', '合作市');
INSERT INTO `tb_dict_district` VALUES (2967, '623000', '623021', '临潭县');
INSERT INTO `tb_dict_district` VALUES (2968, '623000', '623022', '卓尼县');
INSERT INTO `tb_dict_district` VALUES (2969, '623000', '623023', '舟曲县');
INSERT INTO `tb_dict_district` VALUES (2970, '623000', '623024', '迭部县');
INSERT INTO `tb_dict_district` VALUES (2971, '623000', '623025', '玛曲县');
INSERT INTO `tb_dict_district` VALUES (2972, '623000', '623026', '碌曲县');
INSERT INTO `tb_dict_district` VALUES (2973, '623000', '623027', '夏河县');
INSERT INTO `tb_dict_district` VALUES (2974, '630100', '630101', '市辖区');
INSERT INTO `tb_dict_district` VALUES (2975, '630100', '630102', '城东区');
INSERT INTO `tb_dict_district` VALUES (2976, '630100', '630103', '城中区');
INSERT INTO `tb_dict_district` VALUES (2977, '630100', '630104', '城西区');
INSERT INTO `tb_dict_district` VALUES (2978, '630100', '630105', '城北区');
INSERT INTO `tb_dict_district` VALUES (2979, '630100', '630121', '大通回族土族自治县');
INSERT INTO `tb_dict_district` VALUES (2980, '630100', '630122', '湟中县');
INSERT INTO `tb_dict_district` VALUES (2981, '630100', '630123', '湟源县');
INSERT INTO `tb_dict_district` VALUES (2982, '632100', '632121', '平安县');
INSERT INTO `tb_dict_district` VALUES (2983, '632100', '632122', '民和回族土族自治县');
INSERT INTO `tb_dict_district` VALUES (2984, '632100', '632123', '乐都县');
INSERT INTO `tb_dict_district` VALUES (2985, '632100', '632126', '互助土族自治县');
INSERT INTO `tb_dict_district` VALUES (2986, '632100', '632127', '化隆回族自治县');
INSERT INTO `tb_dict_district` VALUES (2987, '632100', '632128', '循化撒拉族自治县');
INSERT INTO `tb_dict_district` VALUES (2988, '632200', '632221', '门源回族自治县');
INSERT INTO `tb_dict_district` VALUES (2989, '632200', '632222', '祁连县');
INSERT INTO `tb_dict_district` VALUES (2990, '632200', '632223', '海晏县');
INSERT INTO `tb_dict_district` VALUES (2991, '632200', '632224', '刚察县');
INSERT INTO `tb_dict_district` VALUES (2992, '632300', '632321', '同仁县');
INSERT INTO `tb_dict_district` VALUES (2993, '632300', '632322', '尖扎县');
INSERT INTO `tb_dict_district` VALUES (2994, '632300', '632323', '泽库县');
INSERT INTO `tb_dict_district` VALUES (2995, '632300', '632324', '河南蒙古族自治县');
INSERT INTO `tb_dict_district` VALUES (2996, '632500', '632521', '共和县');
INSERT INTO `tb_dict_district` VALUES (2997, '632500', '632522', '同德县');
INSERT INTO `tb_dict_district` VALUES (2998, '632500', '632523', '贵德县');
INSERT INTO `tb_dict_district` VALUES (2999, '632500', '632524', '兴海县');
INSERT INTO `tb_dict_district` VALUES (3000, '632500', '632525', '贵南县');
INSERT INTO `tb_dict_district` VALUES (3001, '632600', '632621', '玛沁县');
INSERT INTO `tb_dict_district` VALUES (3002, '632600', '632622', '班玛县');
INSERT INTO `tb_dict_district` VALUES (3003, '632600', '632623', '甘德县');
INSERT INTO `tb_dict_district` VALUES (3004, '632600', '632624', '达日县');
INSERT INTO `tb_dict_district` VALUES (3005, '632600', '632625', '久治县');
INSERT INTO `tb_dict_district` VALUES (3006, '632600', '632626', '玛多县');
INSERT INTO `tb_dict_district` VALUES (3007, '632700', '632721', '玉树县');
INSERT INTO `tb_dict_district` VALUES (3008, '632700', '632722', '杂多县');
INSERT INTO `tb_dict_district` VALUES (3009, '632700', '632723', '称多县');
INSERT INTO `tb_dict_district` VALUES (3010, '632700', '632724', '治多县');
INSERT INTO `tb_dict_district` VALUES (3011, '632700', '632725', '囊谦县');
INSERT INTO `tb_dict_district` VALUES (3012, '632700', '632726', '曲麻莱县');
INSERT INTO `tb_dict_district` VALUES (3013, '632800', '632801', '格尔木市');
INSERT INTO `tb_dict_district` VALUES (3014, '632800', '632802', '德令哈市');
INSERT INTO `tb_dict_district` VALUES (3015, '632800', '632821', '乌兰县');
INSERT INTO `tb_dict_district` VALUES (3016, '632800', '632822', '都兰县');
INSERT INTO `tb_dict_district` VALUES (3017, '632800', '632823', '天峻县');
INSERT INTO `tb_dict_district` VALUES (3018, '640100', '640101', '市辖区');
INSERT INTO `tb_dict_district` VALUES (3019, '640100', '640104', '兴庆区');
INSERT INTO `tb_dict_district` VALUES (3020, '640100', '640105', '西夏区');
INSERT INTO `tb_dict_district` VALUES (3021, '640100', '640106', '金凤区');
INSERT INTO `tb_dict_district` VALUES (3022, '640100', '640121', '永宁县');
INSERT INTO `tb_dict_district` VALUES (3023, '640100', '640122', '贺兰县');
INSERT INTO `tb_dict_district` VALUES (3024, '640100', '640181', '灵武市');
INSERT INTO `tb_dict_district` VALUES (3025, '640200', '640201', '市辖区');
INSERT INTO `tb_dict_district` VALUES (3026, '640200', '640202', '大武口区');
INSERT INTO `tb_dict_district` VALUES (3027, '640200', '640205', '惠农区');
INSERT INTO `tb_dict_district` VALUES (3028, '640200', '640221', '平罗县');
INSERT INTO `tb_dict_district` VALUES (3029, '640300', '640301', '市辖区');
INSERT INTO `tb_dict_district` VALUES (3030, '640300', '640302', '利通区');
INSERT INTO `tb_dict_district` VALUES (3031, '640300', '640323', '盐池县');
INSERT INTO `tb_dict_district` VALUES (3032, '640300', '640324', '同心县');
INSERT INTO `tb_dict_district` VALUES (3033, '640300', '640381', '青铜峡市');
INSERT INTO `tb_dict_district` VALUES (3034, '640400', '640401', '市辖区');
INSERT INTO `tb_dict_district` VALUES (3035, '640400', '640402', '原州区');
INSERT INTO `tb_dict_district` VALUES (3036, '640400', '640422', '西吉县');
INSERT INTO `tb_dict_district` VALUES (3037, '640400', '640423', '隆德县');
INSERT INTO `tb_dict_district` VALUES (3038, '640400', '640424', '泾源县');
INSERT INTO `tb_dict_district` VALUES (3039, '640400', '640425', '彭阳县');
INSERT INTO `tb_dict_district` VALUES (3040, '640500', '640501', '市辖区');
INSERT INTO `tb_dict_district` VALUES (3041, '640500', '640502', '沙坡头区');
INSERT INTO `tb_dict_district` VALUES (3042, '640500', '640521', '中宁县');
INSERT INTO `tb_dict_district` VALUES (3043, '640400', '640522', '海原县');
INSERT INTO `tb_dict_district` VALUES (3044, '650100', '650101', '市辖区');
INSERT INTO `tb_dict_district` VALUES (3045, '650100', '650102', '天山区');
INSERT INTO `tb_dict_district` VALUES (3046, '650100', '650103', '沙依巴克区');
INSERT INTO `tb_dict_district` VALUES (3047, '650100', '650104', '新市区');
INSERT INTO `tb_dict_district` VALUES (3048, '650100', '650105', '水磨沟区');
INSERT INTO `tb_dict_district` VALUES (3049, '650100', '650106', '头屯河区');
INSERT INTO `tb_dict_district` VALUES (3050, '650100', '650107', '达坂城区');
INSERT INTO `tb_dict_district` VALUES (3051, '650100', '650108', '东山区');
INSERT INTO `tb_dict_district` VALUES (3052, '650100', '650121', '乌鲁木齐县');
INSERT INTO `tb_dict_district` VALUES (3053, '650200', '650201', '市辖区');
INSERT INTO `tb_dict_district` VALUES (3054, '650200', '650202', '独山子区');
INSERT INTO `tb_dict_district` VALUES (3055, '650200', '650203', '克拉玛依区');
INSERT INTO `tb_dict_district` VALUES (3056, '650200', '650204', '白碱滩区');
INSERT INTO `tb_dict_district` VALUES (3057, '650200', '650205', '乌尔禾区');
INSERT INTO `tb_dict_district` VALUES (3058, '652100', '652101', '吐鲁番市');
INSERT INTO `tb_dict_district` VALUES (3059, '652100', '652122', '鄯善县');
INSERT INTO `tb_dict_district` VALUES (3060, '652100', '652123', '托克逊县');
INSERT INTO `tb_dict_district` VALUES (3061, '652200', '652201', '哈密市');
INSERT INTO `tb_dict_district` VALUES (3062, '652200', '652222', '巴里坤哈萨克自治县');
INSERT INTO `tb_dict_district` VALUES (3063, '652200', '652223', '伊吾县');
INSERT INTO `tb_dict_district` VALUES (3064, '652300', '652301', '昌吉市');
INSERT INTO `tb_dict_district` VALUES (3065, '652300', '652302', '阜康市');
INSERT INTO `tb_dict_district` VALUES (3066, '652300', '652303', '米泉市');
INSERT INTO `tb_dict_district` VALUES (3067, '652300', '652323', '呼图壁县');
INSERT INTO `tb_dict_district` VALUES (3068, '652300', '652324', '玛纳斯县');
INSERT INTO `tb_dict_district` VALUES (3069, '652300', '652325', '奇台县');
INSERT INTO `tb_dict_district` VALUES (3070, '652300', '652327', '吉木萨尔县');
INSERT INTO `tb_dict_district` VALUES (3071, '652300', '652328', '木垒哈萨克自治县');
INSERT INTO `tb_dict_district` VALUES (3072, '652700', '652701', '博乐市');
INSERT INTO `tb_dict_district` VALUES (3073, '652700', '652722', '精河县');
INSERT INTO `tb_dict_district` VALUES (3074, '652700', '652723', '温泉县');
INSERT INTO `tb_dict_district` VALUES (3075, '652800', '652801', '库尔勒市');
INSERT INTO `tb_dict_district` VALUES (3076, '652800', '652822', '轮台县');
INSERT INTO `tb_dict_district` VALUES (3077, '652800', '652823', '尉犁县');
INSERT INTO `tb_dict_district` VALUES (3078, '652800', '652824', '若羌县');
INSERT INTO `tb_dict_district` VALUES (3079, '652800', '652825', '且末县');
INSERT INTO `tb_dict_district` VALUES (3080, '652800', '652826', '焉耆回族自治县');
INSERT INTO `tb_dict_district` VALUES (3081, '652800', '652827', '和静县');
INSERT INTO `tb_dict_district` VALUES (3082, '652800', '652828', '和硕县');
INSERT INTO `tb_dict_district` VALUES (3083, '652800', '652829', '博湖县');
INSERT INTO `tb_dict_district` VALUES (3084, '652900', '652901', '阿克苏市');
INSERT INTO `tb_dict_district` VALUES (3085, '652900', '652922', '温宿县');
INSERT INTO `tb_dict_district` VALUES (3086, '652900', '652923', '库车县');
INSERT INTO `tb_dict_district` VALUES (3087, '652900', '652924', '沙雅县');
INSERT INTO `tb_dict_district` VALUES (3088, '652900', '652925', '新和县');
INSERT INTO `tb_dict_district` VALUES (3089, '652900', '652926', '拜城县');
INSERT INTO `tb_dict_district` VALUES (3090, '652900', '652927', '乌什县');
INSERT INTO `tb_dict_district` VALUES (3091, '652900', '652928', '阿瓦提县');
INSERT INTO `tb_dict_district` VALUES (3092, '652900', '652929', '柯坪县');
INSERT INTO `tb_dict_district` VALUES (3093, '653000', '653001', '阿图什市');
INSERT INTO `tb_dict_district` VALUES (3094, '653000', '653022', '阿克陶县');
INSERT INTO `tb_dict_district` VALUES (3095, '653000', '653023', '阿合奇县');
INSERT INTO `tb_dict_district` VALUES (3096, '653000', '653024', '乌恰县');
INSERT INTO `tb_dict_district` VALUES (3097, '653100', '653101', '喀什市');
INSERT INTO `tb_dict_district` VALUES (3098, '653100', '653121', '疏附县');
INSERT INTO `tb_dict_district` VALUES (3099, '653100', '653122', '疏勒县');
INSERT INTO `tb_dict_district` VALUES (3100, '653100', '653123', '英吉沙县');
INSERT INTO `tb_dict_district` VALUES (3101, '653100', '653124', '泽普县');
INSERT INTO `tb_dict_district` VALUES (3102, '653100', '653125', '莎车县');
INSERT INTO `tb_dict_district` VALUES (3103, '653100', '653126', '叶城县');
INSERT INTO `tb_dict_district` VALUES (3104, '653100', '653127', '麦盖提县');
INSERT INTO `tb_dict_district` VALUES (3105, '653100', '653128', '岳普湖县');
INSERT INTO `tb_dict_district` VALUES (3106, '653100', '653129', '伽师县');
INSERT INTO `tb_dict_district` VALUES (3107, '653100', '653130', '巴楚县');
INSERT INTO `tb_dict_district` VALUES (3108, '653100', '653131', '塔什库尔干塔吉克自治县');
INSERT INTO `tb_dict_district` VALUES (3109, '653200', '653201', '和田市');
INSERT INTO `tb_dict_district` VALUES (3110, '653200', '653221', '和田县');
INSERT INTO `tb_dict_district` VALUES (3111, '653200', '653222', '墨玉县');
INSERT INTO `tb_dict_district` VALUES (3112, '653200', '653223', '皮山县');
INSERT INTO `tb_dict_district` VALUES (3113, '653200', '653224', '洛浦县');
INSERT INTO `tb_dict_district` VALUES (3114, '653200', '653225', '策勒县');
INSERT INTO `tb_dict_district` VALUES (3115, '653200', '653226', '于田县');
INSERT INTO `tb_dict_district` VALUES (3116, '653200', '653227', '民丰县');
INSERT INTO `tb_dict_district` VALUES (3117, '654000', '654002', '伊宁市');
INSERT INTO `tb_dict_district` VALUES (3118, '654000', '654003', '奎屯市');
INSERT INTO `tb_dict_district` VALUES (3119, '654000', '654021', '伊宁县');
INSERT INTO `tb_dict_district` VALUES (3120, '654000', '654022', '察布查尔锡伯自治县');
INSERT INTO `tb_dict_district` VALUES (3121, '654000', '654023', '霍城县');
INSERT INTO `tb_dict_district` VALUES (3122, '654000', '654024', '巩留县');
INSERT INTO `tb_dict_district` VALUES (3123, '654000', '654025', '新源县');
INSERT INTO `tb_dict_district` VALUES (3124, '654000', '654026', '昭苏县');
INSERT INTO `tb_dict_district` VALUES (3125, '654000', '654027', '特克斯县');
INSERT INTO `tb_dict_district` VALUES (3126, '654000', '654028', '尼勒克县');
INSERT INTO `tb_dict_district` VALUES (3127, '654200', '654201', '塔城市');
INSERT INTO `tb_dict_district` VALUES (3128, '654200', '654202', '乌苏市');
INSERT INTO `tb_dict_district` VALUES (3129, '654200', '654221', '额敏县');
INSERT INTO `tb_dict_district` VALUES (3130, '654200', '654223', '沙湾县');
INSERT INTO `tb_dict_district` VALUES (3131, '654200', '654224', '托里县');
INSERT INTO `tb_dict_district` VALUES (3132, '654200', '654225', '裕民县');
INSERT INTO `tb_dict_district` VALUES (3133, '654200', '654226', '和布克赛尔蒙古自治县');
INSERT INTO `tb_dict_district` VALUES (3134, '654300', '654301', '阿勒泰市');
INSERT INTO `tb_dict_district` VALUES (3135, '654300', '654321', '布尔津县');
INSERT INTO `tb_dict_district` VALUES (3136, '654300', '654322', '富蕴县');
INSERT INTO `tb_dict_district` VALUES (3137, '654300', '654323', '福海县');
INSERT INTO `tb_dict_district` VALUES (3138, '654300', '654324', '哈巴河县');
INSERT INTO `tb_dict_district` VALUES (3139, '654300', '654325', '青河县');
INSERT INTO `tb_dict_district` VALUES (3140, '654300', '654326', '吉木乃县');
INSERT INTO `tb_dict_district` VALUES (3141, '659000', '659001', '石河子市');
INSERT INTO `tb_dict_district` VALUES (3142, '659000', '659002', '阿拉尔市');
INSERT INTO `tb_dict_district` VALUES (3143, '659000', '659003', '图木舒克市');
INSERT INTO `tb_dict_district` VALUES (3144, '659000', '659004', '五家渠市');
INSERT INTO `tb_dict_district` VALUES (3145, '110000', '110100', '市辖区');
INSERT INTO `tb_dict_district` VALUES (3146, '110000', '110200', '县');
INSERT INTO `tb_dict_district` VALUES (3147, '120000', '120100', '市辖区');
INSERT INTO `tb_dict_district` VALUES (3148, '120000', '120200', '县');
INSERT INTO `tb_dict_district` VALUES (3149, '130000', '130100', '石家庄市');
INSERT INTO `tb_dict_district` VALUES (3150, '130000', '130200', '唐山市');
INSERT INTO `tb_dict_district` VALUES (3151, '130000', '130300', '秦皇岛市');
INSERT INTO `tb_dict_district` VALUES (3152, '130000', '130400', '邯郸市');
INSERT INTO `tb_dict_district` VALUES (3153, '130000', '130500', '邢台市');
INSERT INTO `tb_dict_district` VALUES (3154, '130000', '130600', '保定市');
INSERT INTO `tb_dict_district` VALUES (3155, '130000', '130700', '张家口市');
INSERT INTO `tb_dict_district` VALUES (3156, '130000', '130800', '承德市');
INSERT INTO `tb_dict_district` VALUES (3157, '130000', '130900', '沧州市');
INSERT INTO `tb_dict_district` VALUES (3158, '130000', '131000', '廊坊市');
INSERT INTO `tb_dict_district` VALUES (3159, '130000', '131100', '衡水市');
INSERT INTO `tb_dict_district` VALUES (3160, '140000', '140100', '太原市');
INSERT INTO `tb_dict_district` VALUES (3161, '140000', '140200', '大同市');
INSERT INTO `tb_dict_district` VALUES (3162, '140000', '140300', '阳泉市');
INSERT INTO `tb_dict_district` VALUES (3163, '140000', '140400', '长治市');
INSERT INTO `tb_dict_district` VALUES (3164, '140000', '140500', '晋城市');
INSERT INTO `tb_dict_district` VALUES (3165, '140000', '140600', '朔州市');
INSERT INTO `tb_dict_district` VALUES (3166, '140000', '140700', '晋中市');
INSERT INTO `tb_dict_district` VALUES (3167, '140000', '140800', '运城市');
INSERT INTO `tb_dict_district` VALUES (3168, '140000', '140900', '忻州市');
INSERT INTO `tb_dict_district` VALUES (3169, '140000', '141000', '临汾市');
INSERT INTO `tb_dict_district` VALUES (3170, '140000', '141100', '吕梁市');
INSERT INTO `tb_dict_district` VALUES (3171, '150000', '150100', '呼和浩特市');
INSERT INTO `tb_dict_district` VALUES (3172, '150000', '150200', '包头市');
INSERT INTO `tb_dict_district` VALUES (3173, '150000', '150300', '乌海市');
INSERT INTO `tb_dict_district` VALUES (3174, '150000', '150400', '赤峰市');
INSERT INTO `tb_dict_district` VALUES (3175, '150000', '150500', '通辽市');
INSERT INTO `tb_dict_district` VALUES (3176, '150000', '150600', '鄂尔多斯市');
INSERT INTO `tb_dict_district` VALUES (3177, '150000', '150700', '呼伦贝尔市');
INSERT INTO `tb_dict_district` VALUES (3178, '150000', '150800', '巴彦淖尔市');
INSERT INTO `tb_dict_district` VALUES (3179, '150000', '150900', '乌兰察布市');
INSERT INTO `tb_dict_district` VALUES (3180, '150000', '152200', '兴安盟');
INSERT INTO `tb_dict_district` VALUES (3181, '150000', '152500', '锡林郭勒盟');
INSERT INTO `tb_dict_district` VALUES (3182, '150000', '152900', '阿拉善盟');
INSERT INTO `tb_dict_district` VALUES (3183, '210000', '210100', '沈阳市');
INSERT INTO `tb_dict_district` VALUES (3184, '210000', '210200', '大连市');
INSERT INTO `tb_dict_district` VALUES (3185, '210000', '210300', '鞍山市');
INSERT INTO `tb_dict_district` VALUES (3186, '210000', '210400', '抚顺市');
INSERT INTO `tb_dict_district` VALUES (3187, '210000', '210500', '本溪市');
INSERT INTO `tb_dict_district` VALUES (3188, '210000', '210600', '丹东市');
INSERT INTO `tb_dict_district` VALUES (3189, '210000', '210700', '锦州市');
INSERT INTO `tb_dict_district` VALUES (3190, '210000', '210800', '营口市');
INSERT INTO `tb_dict_district` VALUES (3191, '210000', '210900', '阜新市');
INSERT INTO `tb_dict_district` VALUES (3192, '210000', '211000', '辽阳市');
INSERT INTO `tb_dict_district` VALUES (3193, '210000', '211100', '盘锦市');
INSERT INTO `tb_dict_district` VALUES (3194, '210000', '211200', '铁岭市');
INSERT INTO `tb_dict_district` VALUES (3195, '210000', '211300', '朝阳市');
INSERT INTO `tb_dict_district` VALUES (3196, '210000', '211400', '葫芦岛市');
INSERT INTO `tb_dict_district` VALUES (3197, '220000', '220100', '长春市');
INSERT INTO `tb_dict_district` VALUES (3198, '220000', '220200', '吉林市');
INSERT INTO `tb_dict_district` VALUES (3199, '220000', '220300', '四平市');
INSERT INTO `tb_dict_district` VALUES (3200, '220000', '220400', '辽源市');
INSERT INTO `tb_dict_district` VALUES (3201, '220000', '220500', '通化市');
INSERT INTO `tb_dict_district` VALUES (3202, '220000', '220600', '白山市');
INSERT INTO `tb_dict_district` VALUES (3203, '220000', '220700', '松原市');
INSERT INTO `tb_dict_district` VALUES (3204, '220000', '220800', '白城市');
INSERT INTO `tb_dict_district` VALUES (3205, '220000', '222400', '延边朝鲜族自治州');
INSERT INTO `tb_dict_district` VALUES (3206, '230000', '230100', '哈尔滨市');
INSERT INTO `tb_dict_district` VALUES (3207, '230000', '230200', '齐齐哈尔市');
INSERT INTO `tb_dict_district` VALUES (3208, '230000', '230300', '鸡西市');
INSERT INTO `tb_dict_district` VALUES (3209, '230000', '230400', '鹤岗市');
INSERT INTO `tb_dict_district` VALUES (3210, '230000', '230500', '双鸭山市');
INSERT INTO `tb_dict_district` VALUES (3211, '230000', '230600', '大庆市');
INSERT INTO `tb_dict_district` VALUES (3212, '230000', '230700', '伊春市');
INSERT INTO `tb_dict_district` VALUES (3213, '230000', '230800', '佳木斯市');
INSERT INTO `tb_dict_district` VALUES (3214, '230000', '230900', '七台河市');
INSERT INTO `tb_dict_district` VALUES (3215, '230000', '231000', '牡丹江市');
INSERT INTO `tb_dict_district` VALUES (3216, '230000', '231100', '黑河市');
INSERT INTO `tb_dict_district` VALUES (3217, '230000', '231200', '绥化市');
INSERT INTO `tb_dict_district` VALUES (3218, '230000', '232700', '大兴安岭地区');
INSERT INTO `tb_dict_district` VALUES (3219, '310000', '310100', '市辖区');
INSERT INTO `tb_dict_district` VALUES (3220, '310000', '310200', '县');
INSERT INTO `tb_dict_district` VALUES (3221, '320000', '320100', '南京市');
INSERT INTO `tb_dict_district` VALUES (3222, '320000', '320200', '无锡市');
INSERT INTO `tb_dict_district` VALUES (3223, '320000', '320300', '徐州市');
INSERT INTO `tb_dict_district` VALUES (3224, '320000', '320400', '常州市');
INSERT INTO `tb_dict_district` VALUES (3225, '320000', '320500', '苏州市');
INSERT INTO `tb_dict_district` VALUES (3226, '320000', '320600', '南通市');
INSERT INTO `tb_dict_district` VALUES (3227, '320000', '320700', '连云港市');
INSERT INTO `tb_dict_district` VALUES (3228, '320000', '320800', '淮安市');
INSERT INTO `tb_dict_district` VALUES (3229, '320000', '320900', '盐城市');
INSERT INTO `tb_dict_district` VALUES (3230, '320000', '321000', '扬州市');
INSERT INTO `tb_dict_district` VALUES (3231, '320000', '321100', '镇江市');
INSERT INTO `tb_dict_district` VALUES (3232, '320000', '321200', '泰州市');
INSERT INTO `tb_dict_district` VALUES (3233, '320000', '321300', '宿迁市');
INSERT INTO `tb_dict_district` VALUES (3234, '330000', '330100', '杭州市');
INSERT INTO `tb_dict_district` VALUES (3235, '330000', '330200', '宁波市');
INSERT INTO `tb_dict_district` VALUES (3236, '330000', '330300', '温州市');
INSERT INTO `tb_dict_district` VALUES (3237, '330000', '330400', '嘉兴市');
INSERT INTO `tb_dict_district` VALUES (3238, '330000', '330500', '湖州市');
INSERT INTO `tb_dict_district` VALUES (3239, '330000', '330600', '绍兴市');
INSERT INTO `tb_dict_district` VALUES (3240, '330000', '330700', '金华市');
INSERT INTO `tb_dict_district` VALUES (3241, '330000', '330800', '衢州市');
INSERT INTO `tb_dict_district` VALUES (3242, '330000', '330900', '舟山市');
INSERT INTO `tb_dict_district` VALUES (3243, '330000', '331000', '台州市');
INSERT INTO `tb_dict_district` VALUES (3244, '330000', '331100', '丽水市');
INSERT INTO `tb_dict_district` VALUES (3245, '340000', '340100', '合肥市');
INSERT INTO `tb_dict_district` VALUES (3246, '340000', '340200', '芜湖市');
INSERT INTO `tb_dict_district` VALUES (3247, '340000', '340300', '蚌埠市');
INSERT INTO `tb_dict_district` VALUES (3248, '340000', '340400', '淮南市');
INSERT INTO `tb_dict_district` VALUES (3249, '340000', '340500', '马鞍山市');
INSERT INTO `tb_dict_district` VALUES (3250, '340000', '340600', '淮北市');
INSERT INTO `tb_dict_district` VALUES (3251, '340000', '340700', '铜陵市');
INSERT INTO `tb_dict_district` VALUES (3252, '340000', '340800', '安庆市');
INSERT INTO `tb_dict_district` VALUES (3253, '340000', '341000', '黄山市');
INSERT INTO `tb_dict_district` VALUES (3254, '340000', '341100', '滁州市');
INSERT INTO `tb_dict_district` VALUES (3255, '340000', '341200', '阜阳市');
INSERT INTO `tb_dict_district` VALUES (3256, '340000', '341300', '宿州市');
INSERT INTO `tb_dict_district` VALUES (3257, '340000', '341400', '巢湖市');
INSERT INTO `tb_dict_district` VALUES (3258, '340000', '341500', '六安市');
INSERT INTO `tb_dict_district` VALUES (3259, '340000', '341600', '亳州市');
INSERT INTO `tb_dict_district` VALUES (3260, '340000', '341700', '池州市');
INSERT INTO `tb_dict_district` VALUES (3261, '340000', '341800', '宣城市');
INSERT INTO `tb_dict_district` VALUES (3262, '350000', '350100', '福州市');
INSERT INTO `tb_dict_district` VALUES (3263, '350000', '350200', '厦门市');
INSERT INTO `tb_dict_district` VALUES (3264, '350000', '350300', '莆田市');
INSERT INTO `tb_dict_district` VALUES (3265, '350000', '350400', '三明市');
INSERT INTO `tb_dict_district` VALUES (3266, '350000', '350500', '泉州市');
INSERT INTO `tb_dict_district` VALUES (3267, '350000', '350600', '漳州市');
INSERT INTO `tb_dict_district` VALUES (3268, '350000', '350700', '南平市');
INSERT INTO `tb_dict_district` VALUES (3269, '350000', '350800', '龙岩市');
INSERT INTO `tb_dict_district` VALUES (3270, '350000', '350900', '宁德市');
INSERT INTO `tb_dict_district` VALUES (3271, '360000', '360100', '南昌市');
INSERT INTO `tb_dict_district` VALUES (3272, '360000', '360200', '景德镇市');
INSERT INTO `tb_dict_district` VALUES (3273, '360000', '360300', '萍乡市');
INSERT INTO `tb_dict_district` VALUES (3274, '360000', '360400', '九江市');
INSERT INTO `tb_dict_district` VALUES (3275, '360000', '360500', '新余市');
INSERT INTO `tb_dict_district` VALUES (3276, '360000', '360600', '鹰潭市');
INSERT INTO `tb_dict_district` VALUES (3277, '360000', '360700', '赣州市');
INSERT INTO `tb_dict_district` VALUES (3278, '360000', '360800', '吉安市');
INSERT INTO `tb_dict_district` VALUES (3279, '360000', '360900', '宜春市');
INSERT INTO `tb_dict_district` VALUES (3280, '360000', '361000', '抚州市');
INSERT INTO `tb_dict_district` VALUES (3281, '360000', '361100', '上饶市');
INSERT INTO `tb_dict_district` VALUES (3282, '370000', '370100', '济南市');
INSERT INTO `tb_dict_district` VALUES (3283, '370000', '370200', '青岛市');
INSERT INTO `tb_dict_district` VALUES (3284, '370000', '370300', '淄博市');
INSERT INTO `tb_dict_district` VALUES (3285, '370000', '370400', '枣庄市');
INSERT INTO `tb_dict_district` VALUES (3286, '370000', '370500', '东营市');
INSERT INTO `tb_dict_district` VALUES (3287, '370000', '370600', '烟台市');
INSERT INTO `tb_dict_district` VALUES (3288, '370000', '370700', '潍坊市');
INSERT INTO `tb_dict_district` VALUES (3289, '370000', '370800', '济宁市');
INSERT INTO `tb_dict_district` VALUES (3290, '370000', '370900', '泰安市');
INSERT INTO `tb_dict_district` VALUES (3291, '370000', '371000', '威海市');
INSERT INTO `tb_dict_district` VALUES (3292, '370000', '371100', '日照市');
INSERT INTO `tb_dict_district` VALUES (3293, '370000', '371200', '莱芜市');
INSERT INTO `tb_dict_district` VALUES (3294, '370000', '371300', '临沂市');
INSERT INTO `tb_dict_district` VALUES (3295, '370000', '371400', '德州市');
INSERT INTO `tb_dict_district` VALUES (3296, '370000', '371500', '聊城市');
INSERT INTO `tb_dict_district` VALUES (3297, '370000', '371600', '滨州市');
INSERT INTO `tb_dict_district` VALUES (3298, '370000', '371700', '荷泽市');
INSERT INTO `tb_dict_district` VALUES (3299, '410000', '410100', '郑州市');
INSERT INTO `tb_dict_district` VALUES (3300, '410000', '410200', '开封市');
INSERT INTO `tb_dict_district` VALUES (3301, '410000', '410300', '洛阳市');
INSERT INTO `tb_dict_district` VALUES (3302, '410000', '410400', '平顶山市');
INSERT INTO `tb_dict_district` VALUES (3303, '410000', '410500', '安阳市');
INSERT INTO `tb_dict_district` VALUES (3304, '410000', '410600', '鹤壁市');
INSERT INTO `tb_dict_district` VALUES (3305, '410000', '410700', '新乡市');
INSERT INTO `tb_dict_district` VALUES (3306, '410000', '410800', '焦作市');
INSERT INTO `tb_dict_district` VALUES (3307, '410000', '410900', '濮阳市');
INSERT INTO `tb_dict_district` VALUES (3308, '410000', '411000', '许昌市');
INSERT INTO `tb_dict_district` VALUES (3309, '410000', '411100', '漯河市');
INSERT INTO `tb_dict_district` VALUES (3310, '410000', '411200', '三门峡市');
INSERT INTO `tb_dict_district` VALUES (3311, '410000', '411300', '南阳市');
INSERT INTO `tb_dict_district` VALUES (3312, '410000', '411400', '商丘市');
INSERT INTO `tb_dict_district` VALUES (3313, '410000', '411500', '信阳市');
INSERT INTO `tb_dict_district` VALUES (3314, '410000', '411600', '周口市');
INSERT INTO `tb_dict_district` VALUES (3315, '410000', '411700', '驻马店市');
INSERT INTO `tb_dict_district` VALUES (3316, '420000', '420100', '武汉市');
INSERT INTO `tb_dict_district` VALUES (3317, '420000', '420200', '黄石市');
INSERT INTO `tb_dict_district` VALUES (3318, '420000', '420300', '十堰市');
INSERT INTO `tb_dict_district` VALUES (3319, '420000', '420500', '宜昌市');
INSERT INTO `tb_dict_district` VALUES (3320, '420000', '420600', '襄樊市');
INSERT INTO `tb_dict_district` VALUES (3321, '420000', '420700', '鄂州市');
INSERT INTO `tb_dict_district` VALUES (3322, '420000', '420800', '荆门市');
INSERT INTO `tb_dict_district` VALUES (3323, '420000', '420900', '孝感市');
INSERT INTO `tb_dict_district` VALUES (3324, '420000', '421000', '荆州市');
INSERT INTO `tb_dict_district` VALUES (3325, '420000', '421100', '黄冈市');
INSERT INTO `tb_dict_district` VALUES (3326, '420000', '421200', '咸宁市');
INSERT INTO `tb_dict_district` VALUES (3327, '420000', '421300', '随州市');
INSERT INTO `tb_dict_district` VALUES (3328, '420000', '422800', '恩施土家族苗族自治州');
INSERT INTO `tb_dict_district` VALUES (3329, '420000', '429000', '省直辖行政单位');
INSERT INTO `tb_dict_district` VALUES (3330, '430000', '430100', '长沙市');
INSERT INTO `tb_dict_district` VALUES (3331, '430000', '430200', '株洲市');
INSERT INTO `tb_dict_district` VALUES (3332, '430000', '430300', '湘潭市');
INSERT INTO `tb_dict_district` VALUES (3333, '430000', '430400', '衡阳市');
INSERT INTO `tb_dict_district` VALUES (3334, '430000', '430500', '邵阳市');
INSERT INTO `tb_dict_district` VALUES (3335, '430000', '430600', '岳阳市');
INSERT INTO `tb_dict_district` VALUES (3336, '430000', '430700', '常德市');
INSERT INTO `tb_dict_district` VALUES (3337, '430000', '430800', '张家界市');
INSERT INTO `tb_dict_district` VALUES (3338, '430000', '430900', '益阳市');
INSERT INTO `tb_dict_district` VALUES (3339, '430000', '431000', '郴州市');
INSERT INTO `tb_dict_district` VALUES (3340, '430000', '431100', '永州市');
INSERT INTO `tb_dict_district` VALUES (3341, '430000', '431200', '怀化市');
INSERT INTO `tb_dict_district` VALUES (3342, '430000', '431300', '娄底市');
INSERT INTO `tb_dict_district` VALUES (3343, '430000', '433100', '湘西土家族苗族自治州');
INSERT INTO `tb_dict_district` VALUES (3344, '440000', '440100', '广州市');
INSERT INTO `tb_dict_district` VALUES (3345, '440000', '440200', '韶关市');
INSERT INTO `tb_dict_district` VALUES (3346, '440000', '440300', '深圳市');
INSERT INTO `tb_dict_district` VALUES (3347, '440000', '440400', '珠海市');
INSERT INTO `tb_dict_district` VALUES (3348, '440000', '440500', '汕头市');
INSERT INTO `tb_dict_district` VALUES (3349, '440000', '440600', '佛山市');
INSERT INTO `tb_dict_district` VALUES (3350, '440000', '440700', '江门市');
INSERT INTO `tb_dict_district` VALUES (3351, '440000', '440800', '湛江市');
INSERT INTO `tb_dict_district` VALUES (3352, '440000', '440900', '茂名市');
INSERT INTO `tb_dict_district` VALUES (3353, '440000', '441200', '肇庆市');
INSERT INTO `tb_dict_district` VALUES (3354, '440000', '441300', '惠州市');
INSERT INTO `tb_dict_district` VALUES (3355, '440000', '441400', '梅州市');
INSERT INTO `tb_dict_district` VALUES (3356, '440000', '441500', '汕尾市');
INSERT INTO `tb_dict_district` VALUES (3357, '440000', '441600', '河源市');
INSERT INTO `tb_dict_district` VALUES (3358, '440000', '441700', '阳江市');
INSERT INTO `tb_dict_district` VALUES (3359, '440000', '441800', '清远市');
INSERT INTO `tb_dict_district` VALUES (3360, '440000', '441900', '东莞市');
INSERT INTO `tb_dict_district` VALUES (3361, '440000', '442000', '中山市');
INSERT INTO `tb_dict_district` VALUES (3362, '440000', '445100', '潮州市');
INSERT INTO `tb_dict_district` VALUES (3363, '440000', '445200', '揭阳市');
INSERT INTO `tb_dict_district` VALUES (3364, '440000', '445300', '云浮市');
INSERT INTO `tb_dict_district` VALUES (3365, '450000', '450100', '南宁市');
INSERT INTO `tb_dict_district` VALUES (3366, '450000', '450200', '柳州市');
INSERT INTO `tb_dict_district` VALUES (3367, '450000', '450300', '桂林市');
INSERT INTO `tb_dict_district` VALUES (3368, '450000', '450400', '梧州市');
INSERT INTO `tb_dict_district` VALUES (3369, '450000', '450500', '北海市');
INSERT INTO `tb_dict_district` VALUES (3370, '450000', '450600', '防城港市');
INSERT INTO `tb_dict_district` VALUES (3371, '450000', '450700', '钦州市');
INSERT INTO `tb_dict_district` VALUES (3372, '450000', '450800', '贵港市');
INSERT INTO `tb_dict_district` VALUES (3373, '450000', '450900', '玉林市');
INSERT INTO `tb_dict_district` VALUES (3374, '450000', '451000', '百色市');
INSERT INTO `tb_dict_district` VALUES (3375, '450000', '451100', '贺州市');
INSERT INTO `tb_dict_district` VALUES (3376, '450000', '451200', '河池市');
INSERT INTO `tb_dict_district` VALUES (3377, '450000', '451300', '来宾市');
INSERT INTO `tb_dict_district` VALUES (3378, '450000', '451400', '崇左市');
INSERT INTO `tb_dict_district` VALUES (3379, '460000', '460100', '海口市');
INSERT INTO `tb_dict_district` VALUES (3380, '460000', '460200', '三亚市');
INSERT INTO `tb_dict_district` VALUES (3381, '460000', '469000', '省直辖县级行政单位');
INSERT INTO `tb_dict_district` VALUES (3382, '500000', '500100', '市辖区');
INSERT INTO `tb_dict_district` VALUES (3383, '500000', '500200', '县');
INSERT INTO `tb_dict_district` VALUES (3384, '500000', '500300', '市');
INSERT INTO `tb_dict_district` VALUES (3385, '510000', '510100', '成都市');
INSERT INTO `tb_dict_district` VALUES (3386, '510000', '510300', '自贡市');
INSERT INTO `tb_dict_district` VALUES (3387, '510000', '510400', '攀枝花市');
INSERT INTO `tb_dict_district` VALUES (3388, '510000', '510500', '泸州市');
INSERT INTO `tb_dict_district` VALUES (3389, '510000', '510600', '德阳市');
INSERT INTO `tb_dict_district` VALUES (3390, '510000', '510700', '绵阳市');
INSERT INTO `tb_dict_district` VALUES (3391, '510000', '510800', '广元市');
INSERT INTO `tb_dict_district` VALUES (3392, '510000', '510900', '遂宁市');
INSERT INTO `tb_dict_district` VALUES (3393, '510000', '511000', '内江市');
INSERT INTO `tb_dict_district` VALUES (3394, '510000', '511100', '乐山市');
INSERT INTO `tb_dict_district` VALUES (3395, '510000', '511300', '南充市');
INSERT INTO `tb_dict_district` VALUES (3396, '510000', '511400', '眉山市');
INSERT INTO `tb_dict_district` VALUES (3397, '510000', '511500', '宜宾市');
INSERT INTO `tb_dict_district` VALUES (3398, '510000', '511600', '广安市');
INSERT INTO `tb_dict_district` VALUES (3399, '510000', '511700', '达州市');
INSERT INTO `tb_dict_district` VALUES (3400, '510000', '511800', '雅安市');
INSERT INTO `tb_dict_district` VALUES (3401, '510000', '511900', '巴中市');
INSERT INTO `tb_dict_district` VALUES (3402, '510000', '512000', '资阳市');
INSERT INTO `tb_dict_district` VALUES (3403, '510000', '513200', '阿坝藏族羌族自治州');
INSERT INTO `tb_dict_district` VALUES (3404, '510000', '513300', '甘孜藏族自治州');
INSERT INTO `tb_dict_district` VALUES (3405, '510000', '513400', '凉山彝族自治州');
INSERT INTO `tb_dict_district` VALUES (3406, '520000', '520100', '贵阳市');
INSERT INTO `tb_dict_district` VALUES (3407, '520000', '520200', '六盘水市');
INSERT INTO `tb_dict_district` VALUES (3408, '520000', '520300', '遵义市');
INSERT INTO `tb_dict_district` VALUES (3409, '520000', '520400', '安顺市');
INSERT INTO `tb_dict_district` VALUES (3410, '520000', '522200', '铜仁地区');
INSERT INTO `tb_dict_district` VALUES (3411, '520000', '522300', '黔西南布依族苗族自治州');
INSERT INTO `tb_dict_district` VALUES (3412, '520000', '522400', '毕节地区');
INSERT INTO `tb_dict_district` VALUES (3413, '520000', '522600', '黔东南苗族侗族自治州');
INSERT INTO `tb_dict_district` VALUES (3414, '520000', '522700', '黔南布依族苗族自治州');
INSERT INTO `tb_dict_district` VALUES (3415, '530000', '530100', '昆明市');
INSERT INTO `tb_dict_district` VALUES (3416, '530000', '530300', '曲靖市');
INSERT INTO `tb_dict_district` VALUES (3417, '530000', '530400', '玉溪市');
INSERT INTO `tb_dict_district` VALUES (3418, '530000', '530500', '保山市');
INSERT INTO `tb_dict_district` VALUES (3419, '530000', '530600', '昭通市');
INSERT INTO `tb_dict_district` VALUES (3420, '530000', '530700', '丽江市');
INSERT INTO `tb_dict_district` VALUES (3421, '530000', '530800', '思茅市');
INSERT INTO `tb_dict_district` VALUES (3422, '530000', '530900', '临沧市');
INSERT INTO `tb_dict_district` VALUES (3423, '530000', '532300', '楚雄彝族自治州');
INSERT INTO `tb_dict_district` VALUES (3424, '530000', '532500', '红河哈尼族彝族自治州');
INSERT INTO `tb_dict_district` VALUES (3425, '530000', '532600', '文山壮族苗族自治州');
INSERT INTO `tb_dict_district` VALUES (3426, '530000', '532800', '西双版纳傣族自治州');
INSERT INTO `tb_dict_district` VALUES (3427, '530000', '532900', '大理白族自治州');
INSERT INTO `tb_dict_district` VALUES (3428, '530000', '533100', '德宏傣族景颇族自治州');
INSERT INTO `tb_dict_district` VALUES (3429, '530000', '533300', '怒江傈僳族自治州');
INSERT INTO `tb_dict_district` VALUES (3430, '530000', '533400', '迪庆藏族自治州');
INSERT INTO `tb_dict_district` VALUES (3431, '540000', '540100', '拉萨市');
INSERT INTO `tb_dict_district` VALUES (3432, '540000', '542100', '昌都地区');
INSERT INTO `tb_dict_district` VALUES (3433, '540000', '542200', '山南地区');
INSERT INTO `tb_dict_district` VALUES (3434, '540000', '542300', '日喀则地区');
INSERT INTO `tb_dict_district` VALUES (3435, '540000', '542400', '那曲地区');
INSERT INTO `tb_dict_district` VALUES (3436, '540000', '542500', '阿里地区');
INSERT INTO `tb_dict_district` VALUES (3437, '540000', '542600', '林芝地区');
INSERT INTO `tb_dict_district` VALUES (3438, '610000', '610100', '西安市');
INSERT INTO `tb_dict_district` VALUES (3439, '610000', '610200', '铜川市');
INSERT INTO `tb_dict_district` VALUES (3440, '610000', '610300', '宝鸡市');
INSERT INTO `tb_dict_district` VALUES (3441, '610000', '610400', '咸阳市');
INSERT INTO `tb_dict_district` VALUES (3442, '610000', '610500', '渭南市');
INSERT INTO `tb_dict_district` VALUES (3443, '610000', '610600', '延安市');
INSERT INTO `tb_dict_district` VALUES (3444, '610000', '610700', '汉中市');
INSERT INTO `tb_dict_district` VALUES (3445, '610000', '610800', '榆林市');
INSERT INTO `tb_dict_district` VALUES (3446, '610000', '610900', '安康市');
INSERT INTO `tb_dict_district` VALUES (3447, '610000', '611000', '商洛市');
INSERT INTO `tb_dict_district` VALUES (3448, '620000', '620100', '兰州市');
INSERT INTO `tb_dict_district` VALUES (3449, '620000', '620200', '嘉峪关市');
INSERT INTO `tb_dict_district` VALUES (3450, '620000', '620300', '金昌市');
INSERT INTO `tb_dict_district` VALUES (3451, '620000', '620400', '白银市');
INSERT INTO `tb_dict_district` VALUES (3452, '620000', '620500', '天水市');
INSERT INTO `tb_dict_district` VALUES (3453, '620000', '620600', '武威市');
INSERT INTO `tb_dict_district` VALUES (3454, '620000', '620700', '张掖市');
INSERT INTO `tb_dict_district` VALUES (3455, '620000', '620800', '平凉市');
INSERT INTO `tb_dict_district` VALUES (3456, '620000', '620900', '酒泉市');
INSERT INTO `tb_dict_district` VALUES (3457, '620000', '621000', '庆阳市');
INSERT INTO `tb_dict_district` VALUES (3458, '620000', '621100', '定西市');
INSERT INTO `tb_dict_district` VALUES (3459, '620000', '621200', '陇南市');
INSERT INTO `tb_dict_district` VALUES (3460, '620000', '622900', '临夏回族自治州');
INSERT INTO `tb_dict_district` VALUES (3461, '620000', '623000', '甘南藏族自治州');
INSERT INTO `tb_dict_district` VALUES (3462, '630000', '630100', '西宁市');
INSERT INTO `tb_dict_district` VALUES (3463, '630000', '632100', '海东地区');
INSERT INTO `tb_dict_district` VALUES (3464, '630000', '632200', '海北藏族自治州');
INSERT INTO `tb_dict_district` VALUES (3465, '630000', '632300', '黄南藏族自治州');
INSERT INTO `tb_dict_district` VALUES (3466, '630000', '632500', '海南藏族自治州');
INSERT INTO `tb_dict_district` VALUES (3467, '630000', '632600', '果洛藏族自治州');
INSERT INTO `tb_dict_district` VALUES (3468, '630000', '632700', '玉树藏族自治州');
INSERT INTO `tb_dict_district` VALUES (3469, '630000', '632800', '海西蒙古族藏族自治州');
INSERT INTO `tb_dict_district` VALUES (3470, '640000', '640100', '银川市');
INSERT INTO `tb_dict_district` VALUES (3471, '640000', '640200', '石嘴山市');
INSERT INTO `tb_dict_district` VALUES (3472, '640000', '640300', '吴忠市');
INSERT INTO `tb_dict_district` VALUES (3473, '640000', '640400', '固原市');
INSERT INTO `tb_dict_district` VALUES (3474, '640000', '640500', '中卫市');
INSERT INTO `tb_dict_district` VALUES (3475, '650000', '650100', '乌鲁木齐市');
INSERT INTO `tb_dict_district` VALUES (3476, '650000', '650200', '克拉玛依市');
INSERT INTO `tb_dict_district` VALUES (3477, '650000', '652100', '吐鲁番地区');
INSERT INTO `tb_dict_district` VALUES (3478, '650000', '652200', '哈密地区');
INSERT INTO `tb_dict_district` VALUES (3479, '650000', '652300', '昌吉回族自治州');
INSERT INTO `tb_dict_district` VALUES (3480, '650000', '652700', '博尔塔拉蒙古自治州');
INSERT INTO `tb_dict_district` VALUES (3481, '650000', '652800', '巴音郭楞蒙古自治州');
INSERT INTO `tb_dict_district` VALUES (3482, '650000', '652900', '阿克苏地区');
INSERT INTO `tb_dict_district` VALUES (3483, '650000', '653000', '克孜勒苏柯尔克孜自治州');
INSERT INTO `tb_dict_district` VALUES (3484, '650000', '653100', '喀什地区');
INSERT INTO `tb_dict_district` VALUES (3485, '650000', '653200', '和田地区');
INSERT INTO `tb_dict_district` VALUES (3486, '650000', '654000', '伊犁哈萨克自治州');
INSERT INTO `tb_dict_district` VALUES (3487, '650000', '654200', '塔城地区');
INSERT INTO `tb_dict_district` VALUES (3488, '650000', '654300', '阿勒泰地区');
INSERT INTO `tb_dict_district` VALUES (3489, '650000', '659000', '省直辖行政单位');
INSERT INTO `tb_dict_district` VALUES (3490, '86', '110000', '北京市');
INSERT INTO `tb_dict_district` VALUES (3491, '86', '120000', '天津市');
INSERT INTO `tb_dict_district` VALUES (3492, '86', '130000', '河北省');
INSERT INTO `tb_dict_district` VALUES (3493, '86', '140000', '山西省');
INSERT INTO `tb_dict_district` VALUES (3494, '86', '150000', '内蒙古自治区');
INSERT INTO `tb_dict_district` VALUES (3495, '86', '210000', '辽宁省');
INSERT INTO `tb_dict_district` VALUES (3496, '86', '220000', '吉林省');
INSERT INTO `tb_dict_district` VALUES (3497, '86', '230000', '黑龙江省');
INSERT INTO `tb_dict_district` VALUES (3498, '86', '310000', '上海市');
INSERT INTO `tb_dict_district` VALUES (3499, '86', '320000', '江苏省');
INSERT INTO `tb_dict_district` VALUES (3500, '86', '330000', '浙江省');
INSERT INTO `tb_dict_district` VALUES (3501, '86', '340000', '安徽省');
INSERT INTO `tb_dict_district` VALUES (3502, '86', '350000', '福建省');
INSERT INTO `tb_dict_district` VALUES (3503, '86', '360000', '江西省');
INSERT INTO `tb_dict_district` VALUES (3504, '86', '370000', '山东省');
INSERT INTO `tb_dict_district` VALUES (3505, '86', '410000', '河南省');
INSERT INTO `tb_dict_district` VALUES (3506, '86', '420000', '湖北省');
INSERT INTO `tb_dict_district` VALUES (3507, '86', '430000', '湖南省');
INSERT INTO `tb_dict_district` VALUES (3508, '86', '440000', '广东省');
INSERT INTO `tb_dict_district` VALUES (3509, '86', '450000', '广西壮族自治区');
INSERT INTO `tb_dict_district` VALUES (3510, '86', '460000', '海南省');
INSERT INTO `tb_dict_district` VALUES (3511, '86', '500000', '重庆市');
INSERT INTO `tb_dict_district` VALUES (3512, '86', '510000', '四川省');
INSERT INTO `tb_dict_district` VALUES (3513, '86', '520000', '贵州省');
INSERT INTO `tb_dict_district` VALUES (3514, '86', '530000', '云南省');
INSERT INTO `tb_dict_district` VALUES (3515, '86', '540000', '西藏自治区');
INSERT INTO `tb_dict_district` VALUES (3516, '86', '610000', '陕西省');
INSERT INTO `tb_dict_district` VALUES (3517, '86', '620000', '甘肃省');
INSERT INTO `tb_dict_district` VALUES (3518, '86', '630000', '青海省');
INSERT INTO `tb_dict_district` VALUES (3519, '86', '640000', '宁夏回族自治区');
INSERT INTO `tb_dict_district` VALUES (3520, '86', '650000', '新疆维吾尔自治区');
INSERT INTO `tb_dict_district` VALUES (3521, '86', '710000', '台湾省');
INSERT INTO `tb_dict_district` VALUES (3522, '86', '810000', '香港特别行政区');
INSERT INTO `tb_dict_district` VALUES (3523, '86', '820000', '澳门特别行政区');

-- ----------------------------
-- Table structure for tb_index_img
-- ----------------------------
DROP TABLE IF EXISTS `tb_index_img`;
CREATE TABLE `tb_index_img`  (
  `img_id` varchar(64) CHARACTER SET utf8 COLLATE utf8_general_ci NOT NULL COMMENT '主键',
  `img_url` varchar(128) CHARACTER SET utf8 COLLATE utf8_general_ci NOT NULL COMMENT '图片 图片地址',
  `img_bg_color` varchar(32) CHARACTER SET utf8 COLLATE utf8_general_ci DEFAULT NULL COMMENT '背景色',
  `prod_id` varchar(64) CHARACTER SET utf8 COLLATE utf8_general_ci DEFAULT NULL COMMENT '商品id',
  `category_id` varchar(64) CHARACTER SET utf8 COLLATE utf8_general_ci DEFAULT NULL COMMENT '商品分类id',
  `index_type` int(11) NOT NULL COMMENT '轮播图类型 ，用于判断，可以根据商品id或者分类进行页面跳转，1：商品 2：分类',
  `seq` int(11) NOT NULL COMMENT '轮播图展示顺序 轮播图展示顺序，从小到大',
  `status` int(11) NOT NULL COMMENT '是否展示:1表示正常显示，0表示下线 是否展示，1：展示    0：不展示',
  `create_time` datetime(0) DEFAULT NULL COMMENT '创建时间',
  `update_time` datetime(0) DEFAULT NULL COMMENT '更新时间',
  PRIMARY KEY (`img_id`) USING BTREE
) ENGINE = InnoDB CHARACTER SET = utf8 COLLATE = utf8_general_ci COMMENT = '轮播图 ' ROW_FORMAT = Compact;

-- ----------------------------
-- Records of tb_index_img
-- ----------------------------
INSERT INTO `tb_index_img` VALUES ('1', 'ad1.jpg', 'green', '101', NULL, 1, 1, 1, NULL, NULL);
INSERT INTO `tb_index_img` VALUES ('2', 'ad2.jpg', 'pink', NULL, '1', 2, 2, 1, NULL, NULL);
INSERT INTO `tb_index_img` VALUES ('3', 'ad3.jpg', 'black', '103', NULL, 1, 3, 1, NULL, NULL);
INSERT INTO `tb_index_img` VALUES ('4', 'ad4.jpg', 'orange', NULL, '2', 2, 4, 1, NULL, NULL);
INSERT INTO `tb_index_img` VALUES ('5', 'ad5.jpg', 'yellow', '101', NULL, 1, 2, 0, NULL, NULL);

-- ----------------------------
-- Table structure for tb_order_item
-- ----------------------------
DROP TABLE IF EXISTS `tb_order_item`;
CREATE TABLE `tb_order_item`  (
  `item_id` varchar(20) CHARACTER SET utf8 COLLATE utf8_general_ci NOT NULL COMMENT '订单项ID',
  `order_id` varchar(64) CHARACTER SET utf8 COLLATE utf8_general_ci NOT NULL COMMENT '订单ID',
  `product_id` varchar(64) CHARACTER SET utf8 COLLATE utf8_general_ci NOT NULL COMMENT '商品ID',
  `product_name` varchar(32) CHARACTER SET utf8 COLLATE utf8_general_ci NOT NULL COMMENT '商品名称',
  `product_img` varchar(32) CHARACTER SET utf8 COLLATE utf8_general_ci DEFAULT NULL COMMENT '商品图片',
  `sku_id` varchar(128) CHARACTER SET utf8 COLLATE utf8_general_ci NOT NULL COMMENT 'skuID',
  `sku_name` varchar(32) CHARACTER SET utf8 COLLATE utf8_general_ci NOT NULL COMMENT 'sku名称',
  `product_price` decimal(32, 8) NOT NULL COMMENT '商品价格',
  `buy_counts` int(11) NOT NULL COMMENT '购买数量',
  `total_amount` decimal(32, 8) DEFAULT NULL COMMENT '商品总金额',
  `basket_date` datetime(0) DEFAULT NULL COMMENT '加入购物车时间',
  `buy_time` datetime(0) DEFAULT NULL COMMENT '购买时间',
  `is_comment` int(11) DEFAULT NULL COMMENT '评论状态： 0 未评价  1 已评价',
  `create_time` datetime(0) DEFAULT NULL COMMENT '创建时间',
  `update_time` datetime(0) DEFAULT NULL COMMENT '更新时间',
  PRIMARY KEY (`item_id`) USING BTREE
) ENGINE = InnoDB CHARACTER SET = utf8 COLLATE = utf8_general_ci COMMENT = '订单项/快照 ' ROW_FORMAT = Compact;

-- ----------------------------
-- Records of tb_order_item
-- ----------------------------
INSERT INTO `tb_order_item` VALUES ('015844790049835011', 'bd5a0ad97acd499c8c8be3af726b36f0', '1', '奥利奥小饼干666', 'ala_1.png', '4', '奥利奥分享装', 8.00000000, 1, 8.00000000, '2022-02-28 19:19:20', NULL, 0, '2022-02-28 19:19:25', '2022-02-28 19:19:25');
INSERT INTO `tb_order_item` VALUES ('067015474172976237', '25096570853a4b139de1684cd5034b3a', '44', ' 雀巢(Nestle) 脆脆鲨威化饼干', '雀巢(Nestle) 脆脆鲨威化饼干2.png', '48', '元气满满装', 23.00000000, 3, 69.00000000, '2022-04-19 18:11:50', NULL, 0, '2022-04-19 18:15:07', '2022-04-19 18:15:07');
INSERT INTO `tb_order_item` VALUES ('087474896025305659', '0611102ed8524388bc79eadc904af1ea', '1', '奥利奥小饼干666', 'ala_1.png', '4', '奥利奥分享装', 8.00000000, 1, 8.00000000, '2022-02-28 21:08:37', NULL, 0, '2022-02-28 21:09:03', '2022-02-28 21:09:03');
INSERT INTO `tb_order_item` VALUES ('152426471315731666', 'f164cfa3b3ca415fad03860711edbef6', '44', ' 雀巢(Nestle) 脆脆鲨威化饼干', '雀巢(Nestle) 脆脆鲨威化饼干2.png', '49', '甜蜜分享装', 48.00000000, 1, 48.00000000, '2022-04-19 17:36:08', NULL, 0, '2022-04-19 17:36:36', '2022-04-19 17:36:36');
INSERT INTO `tb_order_item` VALUES ('210650548343795591', '25ebc416a96c46b7a76e919ba5fb5aba', '44', ' 雀巢(Nestle) 脆脆鲨威化饼干', '雀巢(Nestle) 脆脆鲨威化饼干2.png', '48', '元气满满装', 23.00000000, 1, 23.00000000, '2022-04-19 17:36:05', NULL, 0, '2022-04-19 17:37:45', '2022-04-19 17:37:45');
INSERT INTO `tb_order_item` VALUES ('272821644975122396', '100acf8fcb9241b9b4fabd93ada1ec18', '1', '奥利奥(Oreo)小饼干', 'ala_1.png', '4', '奥利奥分享装', 8.00000000, 3, 24.00000000, '2022-04-19 18:12:03', NULL, 0, '2022-04-19 18:15:20', '2022-04-19 18:15:20');
INSERT INTO `tb_order_item` VALUES ('301272059386590086', '2effa811b5c04e32888bc1fab24d570e', '3', '咪咪小虾条', 'mmxt_1.png', '2', '咪咪虾条 6连包', 5.00000000, 3, 15.00000000, '2022-02-28 19:18:57', NULL, 0, '2022-03-04 09:25:35', '2022-03-04 09:25:35');
INSERT INTO `tb_order_item` VALUES ('440713679958629980', '32afcdf666f84ab3a49e4c1efcee0c6d', '44', ' 雀巢(Nestle) 脆脆鲨威化饼干', '雀巢(Nestle) 脆脆鲨威化饼干2.png', '48', '元气满满装', 23.00000000, 4, 92.00000000, '2022-04-19 17:20:03', NULL, 0, '2022-04-19 17:34:45', '2022-04-19 17:34:45');
INSERT INTO `tb_order_item` VALUES ('452735866374381181', '769e3333f3134461a8ca726c8714d081', '44', ' 雀巢(Nestle) 脆脆鲨威化饼干', '雀巢(Nestle) 脆脆鲨威化饼干2.png', '49', '甜蜜分享装', 48.00000000, 1, 48.00000000, '2022-04-19 17:36:10', NULL, 0, '2022-04-19 17:36:19', '2022-04-19 17:36:19');
INSERT INTO `tb_order_item` VALUES ('477524773118001023', 'bf9bd748146547c9a436e2e6aae6f9c1', '1', '奥利奥(Oreo)小饼干', 'ala_1.png', '4', '奥利奥分享装', 8.00000000, 1, 8.00000000, '2022-04-19 17:39:43', NULL, 0, '2022-04-19 17:45:49', '2022-04-19 17:45:49');
INSERT INTO `tb_order_item` VALUES ('666600441988079172', '3b2544f390764fd5882fee3373282783', '3', '咪咪小虾条', 'mmxt_1.png', '1', '咪咪虾条 单包 50g', 1.00000000, 1, 1.00000000, '2022-04-19 17:46:02', NULL, 0, '2022-04-19 17:46:08', '2022-04-19 17:46:08');
INSERT INTO `tb_order_item` VALUES ('716450855631560365', '7b8d916863734b1c882e77bf1b1d908e', '1', '奥利奥小饼干666', 'ala_1.png', '4', '奥利奥分享装', 8.00000000, 4, 32.00000000, '2022-02-28 19:04:40', NULL, 0, '2022-02-28 19:05:01', '2022-02-28 19:05:01');
INSERT INTO `tb_order_item` VALUES ('742044904562584261', 'a929c70b63c34764a48fc6f1bf88ef2a', '1', '奥利奥(Oreo)小饼干', 'ala_1.png', '4', '奥利奥分享装', 8.00000000, 1, 8.00000000, '2022-04-19 17:39:46', NULL, 0, '2022-04-19 17:39:53', '2022-04-19 17:39:53');
INSERT INTO `tb_order_item` VALUES ('770980648262653555', '7b8d916863734b1c882e77bf1b1d908e', '1', '奥利奥小饼干666', 'ala_1.png', '4', '奥利奥分享装', 8.00000000, 3, 24.00000000, '2022-02-28 19:04:38', NULL, 0, '2022-02-28 19:05:01', '2022-02-28 19:05:01');
INSERT INTO `tb_order_item` VALUES ('856893167223804067', '0611102ed8524388bc79eadc904af1ea', '1', '奥利奥小饼干666', 'ala_1.png', '4', '奥利奥分享装', 8.00000000, 2, 16.00000000, '2022-02-28 21:08:43', NULL, 0, '2022-02-28 21:09:03', '2022-02-28 21:09:03');
INSERT INTO `tb_order_item` VALUES ('871792078820304618', '0006a2f8e8a94491ad539cbcab9d4546', '3', '咪咪小虾条', 'mmxt_1.png', '1', '咪咪虾条 单包 50g', 1.00000000, 1, 1.00000000, '2022-04-19 17:46:17', NULL, 0, '2022-04-19 17:46:22', '2022-04-19 17:46:22');
INSERT INTO `tb_order_item` VALUES ('922220346374062014', 'c51ffbbaf4a6469e9ceb3d8e5a0b4459', '3', '咪咪小虾条', 'mmxt_1.png', '1', '咪咪虾条 单包 50g', 1.00000000, 3, 3.00000000, '2022-02-28 19:18:54', NULL, 0, '2022-02-28 19:19:05', '2022-02-28 19:19:05');
INSERT INTO `tb_order_item` VALUES ('973654801943332780', 'e2582d981a624469ad6df30e1b82057a', '44', ' 雀巢(Nestle) 脆脆鲨威化饼干', '雀巢(Nestle) 脆脆鲨威化饼干2.png', '49', '甜蜜分享装', 48.00000000, 1, 48.00000000, '2022-04-19 17:36:14', NULL, 0, '2022-04-19 17:37:02', '2022-04-19 17:37:02');

-- ----------------------------
-- Table structure for tb_orders
-- ----------------------------
DROP TABLE IF EXISTS `tb_orders`;
CREATE TABLE `tb_orders`  (
  `order_id` varchar(64) CHARACTER SET utf8 COLLATE utf8_general_ci NOT NULL COMMENT '订单ID 同时也是订单编号',
  `user_id` int(64) NOT NULL COMMENT '用户ID',
  `untitled` varchar(32) CHARACTER SET utf8 COLLATE utf8_general_ci DEFAULT NULL COMMENT '产品名称（多个产品用,隔开）',
  `receiver_name` varchar(32) CHARACTER SET utf8 COLLATE utf8_general_ci NOT NULL COMMENT '收货人快照',
  `receiver_mobile` varchar(32) CHARACTER SET utf8 COLLATE utf8_general_ci NOT NULL COMMENT '收货人手机号快照',
  `receiver_address` varchar(128) CHARACTER SET utf8 COLLATE utf8_general_ci NOT NULL COMMENT '收货地址快照',
  `total_amount` decimal(32, 8) DEFAULT NULL COMMENT '订单总价格',
  `actual_amount` int(11) DEFAULT NULL COMMENT '实际支付总价格',
  `pay_type` int(11) DEFAULT NULL COMMENT '支付方式 1:微信 2:支付宝',
  `order_remark` varchar(32) CHARACTER SET utf8 COLLATE utf8_general_ci DEFAULT NULL COMMENT '订单备注',
  `status` varchar(32) CHARACTER SET utf8 COLLATE utf8_general_ci DEFAULT NULL COMMENT '订单状态 1:待付款 2:待发货 3:待收货 4:待评价 5:已完成 6:已关闭',
  `delivery_type` varchar(32) CHARACTER SET utf8 COLLATE utf8_general_ci DEFAULT NULL COMMENT '配送方式',
  `delivery_flow_id` varchar(32) CHARACTER SET utf8 COLLATE utf8_general_ci DEFAULT NULL COMMENT '物流单号',
  `order_freight` decimal(32, 8) DEFAULT 0.00000000 COMMENT '订单运费 默认可以为零，代表包邮',
  `delete_status` int(11) DEFAULT 0 COMMENT '逻辑删除状态 1: 删除 0:未删除',
  `pay_time` datetime(0) DEFAULT NULL COMMENT '付款时间',
  `delivery_time` datetime(0) DEFAULT NULL COMMENT '发货时间',
  `flish_time` datetime(0) DEFAULT NULL COMMENT '完成时间',
  `cancel_time` datetime(0) DEFAULT NULL COMMENT '取消时间',
  `close_type` int(11) DEFAULT NULL COMMENT '订单关闭类型1-超时未支付 2-退款关闭 4-买家取消 15-已通过货到付款交易',
  `create_time` datetime(0) DEFAULT NULL COMMENT '创建时间',
  `update_time` datetime(0) DEFAULT NULL COMMENT '更新时间',
  PRIMARY KEY (`order_id`) USING BTREE
) ENGINE = InnoDB CHARACTER SET = utf8 COLLATE = utf8_general_ci COMMENT = '订单 ' ROW_FORMAT = Compact;

-- ----------------------------
-- Records of tb_orders
-- ----------------------------
INSERT INTO `tb_orders` VALUES ('0006a2f8e8a94491ad539cbcab9d4546', 1, '咪咪小虾条,', '张三', '13030303300', '北京市 市辖区 西城区 132', 1.00000000, 1, 1, '', '6', NULL, NULL, 0.00000000, 0, NULL, NULL, NULL, NULL, 1, '2022-04-19 17:46:22', '2022-04-19 18:16:50');
INSERT INTO `tb_orders` VALUES ('0611102ed8524388bc79eadc904af1ea', 1, '奥利奥小饼干666,奥利奥小饼干666,', '小丽', '13131313311', '河北省 秦皇岛市 海港区 www', 24.00000000, 24, 1, '', '2', NULL, NULL, 0.00000000, 0, NULL, NULL, NULL, NULL, NULL, '2022-02-28 21:09:03', '2022-02-28 21:39:50');
INSERT INTO `tb_orders` VALUES ('100acf8fcb9241b9b4fabd93ada1ec18', 1, '奥利奥(Oreo)小饼干,', '许久龙', '17704220243', '辽宁省 沈阳市 于洪区 马三家金马新村静园食府烤鸭店', 24.00000000, 24, 1, '', '1', NULL, NULL, 0.00000000, 0, NULL, NULL, NULL, NULL, NULL, '2022-04-19 18:15:20', '2022-04-19 18:15:20');
INSERT INTO `tb_orders` VALUES ('25096570853a4b139de1684cd5034b3a', 1, ' 雀巢(Nestle) 脆脆鲨威化饼干,', '张三', '13030303300', '北京市 市辖区 西城区 132', 69.00000000, 69, 1, '', '1', NULL, NULL, 0.00000000, 0, NULL, NULL, NULL, NULL, NULL, '2022-04-19 18:15:07', '2022-04-19 18:15:07');
INSERT INTO `tb_orders` VALUES ('25ebc416a96c46b7a76e919ba5fb5aba', 1, ' 雀巢(Nestle) 脆脆鲨威化饼干,', '张三', '13030303300', '北京市 市辖区 西城区 132', 23.00000000, 23, 1, '', '6', NULL, NULL, 0.00000000, 0, NULL, NULL, NULL, NULL, 1, '2022-04-19 17:37:45', '2022-04-19 18:07:50');
INSERT INTO `tb_orders` VALUES ('2effa811b5c04e32888bc1fab24d570e', 1, '咪咪小虾条,', '许久龙', '17704220243', '辽宁省 沈阳市 于洪区 马三家金马新村静园食府烤鸭店', 15.00000000, 15, 1, '', '6', NULL, NULL, 0.00000000, 0, NULL, NULL, NULL, NULL, 1, '2022-03-04 09:25:35', '2022-03-09 16:56:51');
INSERT INTO `tb_orders` VALUES ('32afcdf666f84ab3a49e4c1efcee0c6d', 1, ' 雀巢(Nestle) 脆脆鲨威化饼干,', '张三', '13030303300', '北京市 市辖区 西城区 132', 92.00000000, 92, 1, '', '6', NULL, NULL, 0.00000000, 0, NULL, NULL, NULL, NULL, 1, '2022-04-19 17:34:45', '2022-04-19 18:04:51');
INSERT INTO `tb_orders` VALUES ('3b2544f390764fd5882fee3373282783', 1, '咪咪小虾条,', '张三', '13030303300', '北京市 市辖区 西城区 132', 1.00000000, 1, 1, '', '6', NULL, NULL, 0.00000000, 0, NULL, NULL, NULL, NULL, 1, '2022-04-19 17:46:08', '2022-04-19 18:16:51');
INSERT INTO `tb_orders` VALUES ('769e3333f3134461a8ca726c8714d081', 1, ' 雀巢(Nestle) 脆脆鲨威化饼干,', '张三', '13030303300', '北京市 市辖区 西城区 132', 48.00000000, 48, 1, '', '6', NULL, NULL, 0.00000000, 0, NULL, NULL, NULL, NULL, 1, '2022-04-19 17:36:19', '2022-04-19 18:06:50');
INSERT INTO `tb_orders` VALUES ('7b8d916863734b1c882e77bf1b1d908e', 1, '奥利奥小饼干666,奥利奥小饼干666,', '张三', '13030303300', '北京市 市辖区 西城区 132', 56.00000000, 56, 1, '', '6', NULL, NULL, 0.00000000, 0, NULL, NULL, NULL, NULL, 1, '2022-02-28 19:05:01', '2022-02-28 19:11:52');
INSERT INTO `tb_orders` VALUES ('a929c70b63c34764a48fc6f1bf88ef2a', 1, '奥利奥(Oreo)小饼干,', '张三', '13030303300', '北京市 市辖区 西城区 132', 8.00000000, 8, 1, '', '6', NULL, NULL, 0.00000000, 0, NULL, NULL, NULL, NULL, 1, '2022-04-19 17:39:53', '2022-04-19 18:10:00');
INSERT INTO `tb_orders` VALUES ('bd5a0ad97acd499c8c8be3af726b36f0', 1, '奥利奥小饼干666,', '张三', '13030303300', '北京市 市辖区 西城区 132', 8.00000000, 8, 1, '', '6', NULL, NULL, 0.00000000, 0, NULL, NULL, NULL, NULL, 1, '2022-02-28 19:19:25', '2022-02-28 19:49:51');
INSERT INTO `tb_orders` VALUES ('bf9bd748146547c9a436e2e6aae6f9c1', 1, '奥利奥(Oreo)小饼干,', '张三', '13030303300', '北京市 市辖区 西城区 132', 8.00000000, 8, 1, '', '6', NULL, NULL, 0.00000000, 0, NULL, NULL, NULL, NULL, 1, '2022-04-19 17:45:49', '2022-04-19 18:15:50');
INSERT INTO `tb_orders` VALUES ('c51ffbbaf4a6469e9ceb3d8e5a0b4459', 1, '咪咪小虾条,', '小丽', '13131313311', '河北省 秦皇岛市 海港区 www', 3.00000000, 3, 1, '', '6', NULL, NULL, 0.00000000, 0, NULL, NULL, NULL, NULL, 1, '2022-02-28 19:19:05', '2022-02-28 19:49:51');
INSERT INTO `tb_orders` VALUES ('e2582d981a624469ad6df30e1b82057a', 1, ' 雀巢(Nestle) 脆脆鲨威化饼干,', '张三', '13030303300', '北京市 市辖区 西城区 132', 48.00000000, 48, 1, '', '6', NULL, NULL, 0.00000000, 0, NULL, NULL, NULL, NULL, 1, '2022-04-19 17:37:02', '2022-04-19 18:07:51');
INSERT INTO `tb_orders` VALUES ('f164cfa3b3ca415fad03860711edbef6', 1, ' 雀巢(Nestle) 脆脆鲨威化饼干,', '张三', '13030303300', '北京市 市辖区 西城区 132', 48.00000000, 48, 1, '', '6', NULL, NULL, 0.00000000, 0, NULL, NULL, NULL, NULL, 1, '2022-04-19 17:36:36', '2022-04-19 18:06:51');

-- ----------------------------
-- Table structure for tb_product
-- ----------------------------
DROP TABLE IF EXISTS `tb_product`;
CREATE TABLE `tb_product`  (
  `product_id` varchar(64) CHARACTER SET utf8 COLLATE utf8_general_ci NOT NULL COMMENT '商品主键id',
  `product_name` varchar(32) CHARACTER SET utf8 COLLATE utf8_general_ci NOT NULL COMMENT '商品名称 ',
  `category_id` int(11) NOT NULL COMMENT '分类外键id 分类id',
  `root_category_id` int(11) NOT NULL COMMENT '一级分类外键id 一级分类id，用于优化查询',
  `sold_num` int(11) NOT NULL COMMENT '销量 累计销售',
  `product_status` int(11) NOT NULL COMMENT '默认是1，表示正常状态, -1表示删除, 0下架 默认是1，表示正常状态, -1表示删除, 0下架',
  `content` text CHARACTER SET utf8 COLLATE utf8_general_ci NOT NULL COMMENT '商品内容 商品内容',
  `create_time` datetime(0) DEFAULT NULL COMMENT '创建时间',
  `update_time` datetime(0) DEFAULT NULL COMMENT '更新时间',
  PRIMARY KEY (`product_id`) USING BTREE
) ENGINE = InnoDB CHARACTER SET = utf8 COLLATE = utf8_general_ci COMMENT = '商品 商品信息相关表：分类表，商品图片表，商品规格表，商品参数表' ROW_FORMAT = Compact;

-- ----------------------------
-- Records of tb_product
-- ----------------------------
INSERT INTO `tb_product` VALUES ('1', '奥利奥(Oreo)小饼干', 55, 2, 247, 1, '<img src=\"static/pimgs/ala_desc1.png\"/><img src=\"static/pimgs/ala_desc2.png\"/><img src=\"static/pimgs/ala_desc3.png\"/>', '2022-04-19 14:49:16', '2022-04-19 18:15:20');
INSERT INTO `tb_product` VALUES ('10', '商品10', 10, 1, 127, 1, '商品说明', NULL, NULL);
INSERT INTO `tb_product` VALUES ('11', '商品11', 10, 1, 128, 1, '商品说明', NULL, NULL);
INSERT INTO `tb_product` VALUES ('19', '加力加小虾条1', 49, 2, 111, 1, '加力加虾条说明', NULL, NULL);
INSERT INTO `tb_product` VALUES ('2', '旺旺华夫饼', 22, 1, 202, 1, '旺旺华夫饼商品内容', NULL, NULL);
INSERT INTO `tb_product` VALUES ('20', '加力加虾条2', 49, 2, 199, 1, '加力加虾条说明', NULL, NULL);
INSERT INTO `tb_product` VALUES ('21', '加力加虾条3', 49, 2, 168, 1, '加力加虾条说明', NULL, NULL);
INSERT INTO `tb_product` VALUES ('22', '加力加虾条4', 49, 2, 168, 1, '加力加虾条说明', NULL, NULL);
INSERT INTO `tb_product` VALUES ('23', '加力加虾条5', 49, 2, 168, 1, '加力加虾条说明', NULL, NULL);
INSERT INTO `tb_product` VALUES ('24', '加力加虾条6', 49, 2, 168, 1, '加力加虾条说明', NULL, NULL);
INSERT INTO `tb_product` VALUES ('25', '加力加虾条7', 49, 2, 168, 1, '加力加虾条说明', NULL, NULL);
INSERT INTO `tb_product` VALUES ('26', '加力加虾条8', 49, 2, 168, 1, '加力加虾条说明', NULL, NULL);
INSERT INTO `tb_product` VALUES ('27', '加力加虾条9', 49, 2, 168, 1, '加力加虾条说明', NULL, NULL);
INSERT INTO `tb_product` VALUES ('28', '加力加虾条10', 49, 2, 168, 1, '加力加虾条说明', NULL, NULL);
INSERT INTO `tb_product` VALUES ('29', '加力加虾条11', 49, 2, 168, 1, '加力加虾条说明', NULL, NULL);
INSERT INTO `tb_product` VALUES ('3', '咪咪小虾条', 50, 2, 215, 1, '<img src=\"static/pimgs/咪咪虾条.png\"/><img src=\"static/pimgs/咪咪虾条1.png\"/>', '2022-04-19 14:55:18', '2022-04-19 17:46:22');
INSERT INTO `tb_product` VALUES ('40', '良品铺子 早餐饼干', 57, 2, 223, 1, '<img src=\"static/pimgs/良品铺子酥脆薄饼.png\"/><img src=\"static/pimgs/良品铺子酥脆薄饼3.png\"/>', '2022-04-19 11:44:23', NULL);
INSERT INTO `tb_product` VALUES ('41', '达利园 好吃点 粗粮饼干', 58, 2, 265, 1, '<img src=\"static/pimgs/达利园 好吃点3.png\"/><img src=\"static/pimgs/达利园 好吃点4.png\"/>', '2022-04-19 11:44:23', '2022-04-19 12:01:11');
INSERT INTO `tb_product` VALUES ('42', '奥利奥(Oreo)夹心饼干', 55, 2, 341, 1, '<img src=\"static/pimgs/奥利奥（Oreo）夹心饼干.png\"/><img src=\"static/pimgs/奥利奥（Oreo）夹心饼干1.png\"/>', '2022-04-19 11:44:23', '2022-04-19 12:01:11');
INSERT INTO `tb_product` VALUES ('43', '奥利奥(Oreo)威化饼干', 54, 2, 287, 1, '<img src=\"static/pimgs/奥利奥（Oreo）威化饼干.png\"/><img src=\"static/pimgs/奥利奥（Oreo）威化饼干1.png\"/>', '2022-04-19 13:44:23', '2022-04-19 12:01:11');
INSERT INTO `tb_product` VALUES ('44', ' 雀巢(Nestle) 脆脆鲨威化饼干', 54, 2, 2355, 1, '<img src=\"static/pimgs/雀巢(Nestle) 脆脆鲨威化饼干.png\"/><img src=\"static/pimgs/雀巢(Nestle) 脆脆鲨威化饼干1.png\"/>', '2022-04-19 16:44:23', '2022-04-19 18:15:07');
INSERT INTO `tb_product` VALUES ('45', '嘉顿（Garden） 威化饼干', 54, 2, 324, 1, '<img src=\"static/pimgs/嘉顿（Garden） 威化饼干.png\"/><img src=\"static/pimgs/嘉顿（Garden） 威化饼干1.png\"/><img src=\"static/pimgs/嘉顿（Garden） 威化饼干2.png\"/>', '2022-04-19 14:44:23', '2022-04-19 12:01:11');
INSERT INTO `tb_product` VALUES ('5', '商品5', 10, 1, 122, 1, '商品说明', NULL, NULL);
INSERT INTO `tb_product` VALUES ('6', '商品6', 10, 1, 123, 1, '商品说明', NULL, NULL);
INSERT INTO `tb_product` VALUES ('7', '商品7', 10, 1, 124, 1, '商品说明', NULL, NULL);
INSERT INTO `tb_product` VALUES ('8', '商品8', 10, 1, 125, 1, '商品说明', NULL, NULL);
INSERT INTO `tb_product` VALUES ('9', '商品9', 10, 1, 126, 1, '商品说明', NULL, NULL);

-- ----------------------------
-- Table structure for tb_product_comments
-- ----------------------------
DROP TABLE IF EXISTS `tb_product_comments`;
CREATE TABLE `tb_product_comments`  (
  `comm_id` varchar(64) CHARACTER SET utf8 COLLATE utf8_general_ci NOT NULL COMMENT 'ID',
  `product_id` varchar(64) CHARACTER SET utf8 COLLATE utf8_general_ci NOT NULL COMMENT '商品id',
  `product_name` varchar(64) CHARACTER SET utf8 COLLATE utf8_general_ci DEFAULT NULL COMMENT '商品名称',
  `order_item_id` varchar(64) CHARACTER SET utf8 COLLATE utf8_general_ci DEFAULT NULL COMMENT '订单项(商品快照)ID 可为空',
  `user_id` int(64) DEFAULT NULL COMMENT '评论用户id 用户名须脱敏',
  `is_anonymous` int(11) DEFAULT NULL COMMENT '是否匿名（1:是，0:否）',
  `comm_type` int(11) DEFAULT NULL COMMENT '评价类型（1好评，0中评，-1差评）',
  `comm_level` int(11) NOT NULL COMMENT '评价等级 1：好评 2：中评 3：差评',
  `comm_content` varchar(128) CHARACTER SET utf8 COLLATE utf8_general_ci NOT NULL COMMENT '评价内容',
  `comm_imgs` varchar(32) CHARACTER SET utf8 COLLATE utf8_general_ci DEFAULT NULL COMMENT '评价晒图(JSON {img1:url1,img2:url2}  )',
  `sepc_name` datetime(0) DEFAULT NULL COMMENT '评价时间 可为空',
  `reply_status` int(11) DEFAULT NULL COMMENT '是否回复（0:未回复，1:已回复）',
  `reply_content` varchar(32) CHARACTER SET utf8 COLLATE utf8_general_ci DEFAULT NULL COMMENT '回复内容',
  `reply_time` datetime(0) DEFAULT NULL COMMENT '回复时间',
  `is_show` int(11) DEFAULT NULL COMMENT '是否显示（1:是，0:否）',
  `create_time` datetime(0) DEFAULT NULL COMMENT '创建时间',
  `update_time` datetime(0) DEFAULT NULL COMMENT '更新时间',
  PRIMARY KEY (`comm_id`) USING BTREE
) ENGINE = InnoDB CHARACTER SET = utf8 COLLATE = utf8_general_ci COMMENT = '商品评价 ' ROW_FORMAT = Compact;

-- ----------------------------
-- Records of tb_product_comments
-- ----------------------------
INSERT INTO `tb_product_comments` VALUES ('1', '3', '咪咪虾条', '10000001', 4, 1, 1, 1, '我买这不是来吃的，就是玩儿', '{}', '2021-04-27 14:51:10', 0, NULL, '2021-04-27 14:51:32', 1, NULL, NULL);
INSERT INTO `tb_product_comments` VALUES ('2', '3', '咪咪虾条', '10000002', 5, 0, 1, 1, 'nice', '{img1:“mmxt2.png”}', '2021-04-27 14:53:20', 1, '感谢亲的好评哦', '2021-04-27 14:53:37', 1, NULL, NULL);
INSERT INTO `tb_product_comments` VALUES ('3', '3', '咪咪虾条', '10000003', 1, 1, 1, 1, '就是很好吃！俺还想吃', '{}', '2021-04-27 09:36:36', 0, NULL, NULL, 1, NULL, NULL);
INSERT INTO `tb_product_comments` VALUES ('4', '3', '咪咪虾条', '10000004', 2, 1, 1, 1, '嘎嘎好吃 真不错', '{}', '2021-04-28 09:37:28', 0, NULL, NULL, 1, NULL, NULL);
INSERT INTO `tb_product_comments` VALUES ('5', '3', '咪咪虾条', '10000005', 2, 1, 0, 1, '买它！买它！', '{}', '2021-04-28 09:38:13', 0, NULL, NULL, 1, NULL, NULL);
INSERT INTO `tb_product_comments` VALUES ('6', '3', '咪咪虾条', '10000006', 3, 1, 0, 1, '立即下单 真的很好吃！', '{}', '2021-04-21 09:39:16', 0, NULL, NULL, 1, NULL, NULL);
INSERT INTO `tb_product_comments` VALUES ('7', '3', '咪咪虾条', '10000007', 4, 0, -1, 1, '好久没吃过这么好吃的！', '{}', '2021-04-06 09:40:01', 0, NULL, NULL, 1, NULL, NULL);

-- ----------------------------
-- Table structure for tb_product_img
-- ----------------------------
DROP TABLE IF EXISTS `tb_product_img`;
CREATE TABLE `tb_product_img`  (
  `id` varchar(64) CHARACTER SET utf8 COLLATE utf8_general_ci NOT NULL COMMENT '图片主键',
  `product_id` varchar(64) CHARACTER SET utf8 COLLATE utf8_general_ci NOT NULL COMMENT '商品id ',
  `url` varchar(128) CHARACTER SET utf8 COLLATE utf8_general_ci NOT NULL COMMENT '图片地址 ',
  `sort` int(11) NOT NULL COMMENT '顺序 图片顺序，从小到大',
  `is_main` int(11) NOT NULL COMMENT '是否主图 是否主图，1：是，0：否',
  `create_time` datetime(0) DEFAULT NULL COMMENT '创建时间',
  `update_time` datetime(0) DEFAULT NULL COMMENT '更新时间',
  PRIMARY KEY (`id`) USING BTREE
) ENGINE = InnoDB CHARACTER SET = utf8 COLLATE = utf8_general_ci COMMENT = '商品图片 ' ROW_FORMAT = Compact;

-- ----------------------------
-- Records of tb_product_img
-- ----------------------------
INSERT INTO `tb_product_img` VALUES ('1', '1', 'ala_1.png', 1, 1, NULL, NULL);
INSERT INTO `tb_product_img` VALUES ('10', '6', 'wwxb_1.png', 1, 1, NULL, NULL);
INSERT INTO `tb_product_img` VALUES ('11', '7', 'wwxb_1.png', 1, 1, NULL, NULL);
INSERT INTO `tb_product_img` VALUES ('12', '8', 'wwxb_1.png', 1, 1, NULL, NULL);
INSERT INTO `tb_product_img` VALUES ('13', '9', 'wwxb_1.png', 1, 1, NULL, NULL);
INSERT INTO `tb_product_img` VALUES ('14', '10', 'wwxb_1.png', 1, 1, NULL, NULL);
INSERT INTO `tb_product_img` VALUES ('15', '11', 'wwxb_1.png', 1, 1, NULL, NULL);
INSERT INTO `tb_product_img` VALUES ('16', '12', 'wwxb_1.png', 1, 1, NULL, NULL);
INSERT INTO `tb_product_img` VALUES ('17', '13', 'wwxb_1.png', 1, 1, NULL, NULL);
INSERT INTO `tb_product_img` VALUES ('18', '14', 'wwxb_1.png', 1, 1, NULL, NULL);
INSERT INTO `tb_product_img` VALUES ('19', '15', 'wwxb_1.png', 1, 1, NULL, NULL);
INSERT INTO `tb_product_img` VALUES ('2', '1', 'ala_2.png', 2, 0, NULL, NULL);
INSERT INTO `tb_product_img` VALUES ('20', '16', 'wwxb_1.png', 1, 1, NULL, NULL);
INSERT INTO `tb_product_img` VALUES ('21', '17', 'wwxb_1.png', 1, 1, NULL, NULL);
INSERT INTO `tb_product_img` VALUES ('22', '18', 'wwxb_1.png', 1, 1, NULL, NULL);
INSERT INTO `tb_product_img` VALUES ('23', '19', 'jlj_1.png', 1, 1, NULL, NULL);
INSERT INTO `tb_product_img` VALUES ('3', '2', 'hfb_1.png', 1, 1, NULL, NULL);
INSERT INTO `tb_product_img` VALUES ('4', '2', 'hfb_2.png', 2, 0, NULL, NULL);
INSERT INTO `tb_product_img` VALUES ('40', '40', '良品铺子酥脆薄饼1.png', 1, 1, '2022-04-19 11:34:32', NULL);
INSERT INTO `tb_product_img` VALUES ('41', '40', '良品铺子酥脆薄饼2.png', 2, 0, '2022-04-19 11:34:32', NULL);
INSERT INTO `tb_product_img` VALUES ('42', '41', '达利园 好吃点.png', 1, 1, '2022-04-19 12:05:31', NULL);
INSERT INTO `tb_product_img` VALUES ('43', '41', '达利园 好吃点1.png', 2, 0, '2022-04-19 12:05:31', NULL);
INSERT INTO `tb_product_img` VALUES ('44', '41', '达利园 好吃点2.png', 3, 0, '2022-04-19 12:05:31', NULL);
INSERT INTO `tb_product_img` VALUES ('45', '42', '奥利奥（Oreo）夹心饼干2.png', 1, 1, '2022-04-19 12:05:31', NULL);
INSERT INTO `tb_product_img` VALUES ('46', '42', '奥利奥（Oreo）夹心饼干3.png', 2, 0, '2022-04-19 12:05:31', NULL);
INSERT INTO `tb_product_img` VALUES ('47', '42', '奥利奥（Oreo）夹心饼干4.png', 3, 0, '2022-04-19 12:05:31', NULL);
INSERT INTO `tb_product_img` VALUES ('48', '43', '奥利奥（Oreo）威化饼干2.png', 1, 1, '2022-04-19 12:05:31', NULL);
INSERT INTO `tb_product_img` VALUES ('49', '43', '奥利奥（Oreo）威化饼干3.png', 2, 0, '2022-04-19 12:05:31', NULL);
INSERT INTO `tb_product_img` VALUES ('5', '3', 'mmxt_1.png', 1, 1, NULL, NULL);
INSERT INTO `tb_product_img` VALUES ('50', '43', '奥利奥（Oreo）威化饼干4.png', 3, 0, '2022-04-19 12:05:31', NULL);
INSERT INTO `tb_product_img` VALUES ('51', '44', '雀巢(Nestle) 脆脆鲨威化饼干2.png', 1, 1, NULL, NULL);
INSERT INTO `tb_product_img` VALUES ('52', '44', '雀巢(Nestle) 脆脆鲨威化饼干3.png', 2, 0, NULL, NULL);
INSERT INTO `tb_product_img` VALUES ('53', '45', '嘉顿（Garden） 威化饼干3.png', 1, 1, NULL, NULL);
INSERT INTO `tb_product_img` VALUES ('54', '45', '嘉顿（Garden） 威化饼干4.png', 2, 0, NULL, NULL);
INSERT INTO `tb_product_img` VALUES ('6', '3', 'mmxt_2.png', 2, 0, NULL, NULL);
INSERT INTO `tb_product_img` VALUES ('7', '4', 'wwxb_1.png', 1, 1, NULL, NULL);
INSERT INTO `tb_product_img` VALUES ('8', '4', 'wwxb_2.png', 2, 0, NULL, NULL);
INSERT INTO `tb_product_img` VALUES ('9', '5', 'wwxb_1.png', 1, 1, NULL, NULL);

-- ----------------------------
-- Table structure for tb_product_params
-- ----------------------------
DROP TABLE IF EXISTS `tb_product_params`;
CREATE TABLE `tb_product_params`  (
  `param_id` varchar(64) CHARACTER SET utf8 COLLATE utf8_general_ci NOT NULL COMMENT '商品参数id',
  `product_id` varchar(32) CHARACTER SET utf8 COLLATE utf8_general_ci NOT NULL COMMENT '商品id',
  `product_place` varchar(32) CHARACTER SET utf8 COLLATE utf8_general_ci NOT NULL COMMENT '产地，例：中国江苏',
  `foot_period` varchar(32) CHARACTER SET utf8 COLLATE utf8_general_ci NOT NULL COMMENT '保质期，例：180天',
  `brand` varchar(32) CHARACTER SET utf8 COLLATE utf8_general_ci NOT NULL COMMENT '品牌名，例：三只大灰狼',
  `factory_name` varchar(32) CHARACTER SET utf8 COLLATE utf8_general_ci NOT NULL COMMENT '生产厂名，例：大灰狼工厂',
  `factory_address` varchar(32) CHARACTER SET utf8 COLLATE utf8_general_ci NOT NULL COMMENT '生产厂址，例：大灰狼生产基地',
  `packaging_method` varchar(32) CHARACTER SET utf8 COLLATE utf8_general_ci NOT NULL COMMENT '包装方式 ，例：袋装',
  `weight` varchar(32) CHARACTER SET utf8 COLLATE utf8_general_ci NOT NULL COMMENT '规格重量 ，例：35g',
  `storage_method` varchar(32) CHARACTER SET utf8 COLLATE utf8_general_ci NOT NULL COMMENT '存储方法，例：常温5~25°',
  `eat_method` varchar(32) CHARACTER SET utf8 COLLATE utf8_general_ci NOT NULL COMMENT '食用方式，例：开袋即食',
  `create_time` datetime(0) DEFAULT NULL COMMENT '创建时间',
  `update_time` datetime(0) DEFAULT NULL COMMENT '更新时间',
  PRIMARY KEY (`param_id`) USING BTREE
) ENGINE = InnoDB CHARACTER SET = utf8 COLLATE = utf8_general_ci COMMENT = '商品参数 ' ROW_FORMAT = Compact;

-- ----------------------------
-- Records of tb_product_params
-- ----------------------------
INSERT INTO `tb_product_params` VALUES ('1', '3', '中国湖北武汉', '12个月', '咪咪', '贤磊咪咪虾条有限责任公司', '湖北武汉江夏区光谷大道77号', '袋装', '50g', '常温保存', '开袋即食', NULL, NULL);
INSERT INTO `tb_product_params` VALUES ('10', '40', '广东', '12个月', '良品铺子', '良品铺子公司', '辽宁省沈阳市于洪区', '盒装', '400g', '常温保存', '开袋即食', '2022-04-19 11:38:56', NULL);
INSERT INTO `tb_product_params` VALUES ('11', '41', '中国福建省泉州市', '12个月', '达利园', '达利园公司', '辽宁省沈阳市沈河区', '礼盒装', '0.96kg', '常温保存', '开箱即食', '2022-04-19 11:38:56', NULL);
INSERT INTO `tb_product_params` VALUES ('12', '42', '北京，苏州', '12个月', '奥利奥(Oreo)', '奥利奥公司', '辽宁省沈阳市皇姑区', '盒装', '230g', '常温保存', '开盒即食', '2022-04-19 12:32:57', NULL);
INSERT INTO `tb_product_params` VALUES ('13', '43', '北京，苏州', '12个月', '奥利奥(Oreo)', '奥利奥公司', '辽宁省沈阳市铁西区', '盒装', '0.56kg', '常温保存', '开盒即食', '2022-04-19 12:32:57', NULL);
INSERT INTO `tb_product_params` VALUES ('14', '44', '天津', '12个月', ' 雀巢（Nestle）', ' 雀巢（Nestle公司)', '辽宁省沈阳市大东区', '盒装', '0.89kg', '常温保存', '开盒即食', '2022-04-19 14:10:46', NULL);
INSERT INTO `tb_product_params` VALUES ('15', '45', '广东', '12个月', ' 嘉顿（Garden）', ' 嘉顿（Garden）', '辽宁省沈阳市湖南区', '盒装', '230g', '常温保存', '开盒即食', '2022-04-19 14:10:46', NULL);
INSERT INTO `tb_product_params` VALUES ('2', '19', '中国湖北武汉', '12个月', '卫龙', '贤磊咪咪虾条有限责任公司', '湖北武汉江夏区光谷大道77号', '袋装', '50g', '常温保存', '开袋即食', NULL, NULL);
INSERT INTO `tb_product_params` VALUES ('3', '20', '中国湖北武汉', '12个月', '威龙', '贤磊咪咪虾条有限责任公司', '湖北武汉江夏区光谷大道77号', '袋装', '50g', '常温保存', '开袋即食', NULL, NULL);
INSERT INTO `tb_product_params` VALUES ('4', '21', '中国湖北武汉', '12个月', '卫龙', '贤磊咪咪虾条有限责任公司', '湖北武汉江夏区光谷大道77号', '袋装', '50g', '常温保存', '开袋即食', NULL, NULL);
INSERT INTO `tb_product_params` VALUES ('5', '22', '中国湖北武汉', '12个月', '威龙', '贤磊咪咪虾条有限责任公司', '湖北武汉江夏区光谷大道77号', '袋装', '50g', '常温保存', '开袋即食', NULL, NULL);
INSERT INTO `tb_product_params` VALUES ('6', '23', '中国湖北武汉', '12个月', '老干妈', '贤磊咪咪虾条有限责任公司', '湖北武汉江夏区光谷大道77号', '袋装', '50g', '常温保存', '开袋即食', NULL, NULL);
INSERT INTO `tb_product_params` VALUES ('7', '24', '中国湖北武汉', '12个月', '卫龙', '贤磊咪咪虾条有限责任公司', '湖北武汉江夏区光谷大道77号', '袋装', '50g', '常温保存', '开袋即食', NULL, NULL);
INSERT INTO `tb_product_params` VALUES ('8', '1', '中国湖北武汉', '12个月', '奥利奥(Oreo)', '贤磊咪咪虾条有限责任公司', '湖北武汉江夏区光谷大道77号', '袋装', '50g', '常温保存', '开袋即食', NULL, NULL);
INSERT INTO `tb_product_params` VALUES ('9', '2', '中国湖北武汉', '12个月', '旺旺', '贤磊咪咪虾条有限责任公司', '湖北武汉江夏区光谷大道77号', '袋装', '50g', '常温保存', '开袋即食', NULL, NULL);

-- ----------------------------
-- Table structure for tb_product_sku
-- ----------------------------
DROP TABLE IF EXISTS `tb_product_sku`;
CREATE TABLE `tb_product_sku`  (
  `sku_id` varchar(64) CHARACTER SET utf8 COLLATE utf8_general_ci NOT NULL COMMENT 'sku编号',
  `product_id` varchar(64) CHARACTER SET utf8 COLLATE utf8_general_ci NOT NULL COMMENT '商品id',
  `sku_name` varchar(32) CHARACTER SET utf8 COLLATE utf8_general_ci NOT NULL COMMENT 'sku名称',
  `sku_img` varchar(32) CHARACTER SET utf8 COLLATE utf8_general_ci DEFAULT NULL COMMENT 'sku图片',
  `untitled` varchar(400) CHARACTER SET utf8 COLLATE utf8_general_ci DEFAULT NULL COMMENT '属性组合（格式是p1:v1;p2:v2）',
  `original_price` int(11) NOT NULL COMMENT '原价',
  `sell_price` int(11) NOT NULL COMMENT '销售价格',
  `discounts` decimal(4, 2) NOT NULL COMMENT '折扣力度',
  `stock` int(11) NOT NULL COMMENT '库存',
  `status` int(11) DEFAULT NULL COMMENT 'sku状态(1启用，0禁用，-1删除)',
  `create_time` datetime(0) DEFAULT NULL COMMENT '创建时间',
  `update_time` datetime(0) DEFAULT NULL COMMENT '更新时间',
  PRIMARY KEY (`sku_id`) USING BTREE
) ENGINE = InnoDB CHARACTER SET = utf8 COLLATE = utf8_general_ci COMMENT = '商品规格 每一件商品都有不同的规格，不同的规格又有不同的价格和优惠力度，规格表为此设计' ROW_FORMAT = Compact;

-- ----------------------------
-- Records of tb_product_sku
-- ----------------------------
INSERT INTO `tb_product_sku` VALUES ('1', '3', '咪咪虾条 单包 50g', 'mmxt_1.png', '{口味:[\"原味\",\"烧烤\",\"芥末\"],包装:[\"盒装\",\"袋装\"]}', 2, 1, 0.70, 308, 1, NULL, '2022-04-19 18:16:51');
INSERT INTO `tb_product_sku` VALUES ('10', '24', '加力加 100g', 'jlj_1.png', '{口味:[\"原味\",\"微辣\",\"BT\"]}', 3, 2, 0.50, 999, 1, NULL, NULL);
INSERT INTO `tb_product_sku` VALUES ('11', '25', '加力加 100g', 'jlj_1.png', '{口味:[\"原味\",\"微辣\",\"BT\"]}', 3, 2, 0.50, 999, 1, NULL, NULL);
INSERT INTO `tb_product_sku` VALUES ('12', '26', '加力加 100g', 'jlj_1.png', '{口味:[\"原味\",\"微辣\",\"BT\"]}', 3, 2, 0.50, 999, 1, NULL, NULL);
INSERT INTO `tb_product_sku` VALUES ('13', '27', '加力加 100g', 'jlj_1.png', '{口味:[\"原味\",\"微辣\",\"BT\"]}', 3, 2, 0.50, 999, 1, NULL, NULL);
INSERT INTO `tb_product_sku` VALUES ('14', '28', '加力加 100g', 'jlj_1.png', '{口味:[\"原味\",\"微辣\",\"BT\"]}', 3, 2, 0.50, 999, 1, NULL, NULL);
INSERT INTO `tb_product_sku` VALUES ('15', '29', '加力加 100g', 'jlj_1.png', '{口味:[\"原味\",\"微辣\",\"BT\"]}', 3, 2, 0.50, 999, 1, NULL, NULL);
INSERT INTO `tb_product_sku` VALUES ('16', '2', '旺旺华夫饼', 'hfb_1.png', '{口味:[\"草莓\",\"巧克力\",\"牛奶\",\"原味\"]}', 10, 8, 0.50, 999, 1, NULL, NULL);
INSERT INTO `tb_product_sku` VALUES ('17', '2', '旺旺华夫饼', 'hfb_2.png', '{口味:[\"草莓\",\"巧克力\",\"牛奶\",\"原味\"]}', 10, 8, 0.50, 999, 1, NULL, NULL);
INSERT INTO `tb_product_sku` VALUES ('2', '3', '咪咪虾条 6连包', 'mmxt_1.png', '{口味:[\"原味\",\"烧烤\"],包装:[\"新包装\",\"老包装\"]}', 6, 5, 0.60, 169, 1, NULL, '2022-03-09 16:56:51');
INSERT INTO `tb_product_sku` VALUES ('3', '3', '咪咪虾条 整箱50包', 'mmxt_1.png', '{口味:[\"原味\",\"烧烤\",\"孜然\"]}', 50, 40, 0.50, 37, 1, NULL, NULL);
INSERT INTO `tb_product_sku` VALUES ('4', '1', '奥利奥分享装', 'ala_1.png', '{口味:[\"草莓\",\"巧克力\",\"牛奶\",\"原味\"]}', 10, 8, 0.80, 121, 1, NULL, '2022-04-19 18:15:50');
INSERT INTO `tb_product_sku` VALUES ('40', '40', '薄脆酥饼 5小包', '良品铺子酥脆薄饼1.png', '{口味:[\"原味\",\"酱紫烧烤味\",\"海苔味\"]}', 25, 23, 0.92, 124, 1, '2022-04-19 11:42:06', '2022-02-28 21:09:03');
INSERT INTO `tb_product_sku` VALUES ('41', '41', '好吃点 一整箱', '达利园 好吃点.png', '{口味:[\"杏仁榛子\",\"海盐芝士\",\"威化巧克力\"]}', 43, 25, 0.58, 222, 1, '2022-04-19 11:42:06', '2022-02-28 21:09:03');
INSERT INTO `tb_product_sku` VALUES ('42', '42', '夹心饼干 一整箱', '奥利奥（Oreo）夹心饼干2.png', '{口味:[\"草莓\"],包装:[\"新包装\",\"老包装\"]}', 34, 30, 0.88, 333, 1, '2022-04-19 12:35:27', '2022-02-28 21:09:03');
INSERT INTO `tb_product_sku` VALUES ('43', '43', '威化饼干 一整箱', '奥利奥（Oreo）威化饼干2.png', '{口味:[\"草莓\",\"白巧克力\",\"黑巧克力\"],包装:[\"新包装\",\"老包装\"]}', 55, 45, 0.81, 322, 1, '2022-04-19 12:35:27', '2022-02-28 21:09:03');
INSERT INTO `tb_product_sku` VALUES ('44', '40', '薄脆酥饼 一整箱', '良品铺子酥脆薄饼1.png', '{口味:[\"原味\",\"酱紫烧烤味\",\"海苔味\"]}', 40, 35, 0.87, 124, 1, '2022-04-19 11:42:06', '2022-02-28 21:09:03');
INSERT INTO `tb_product_sku` VALUES ('45', '41', '好吃点 5连包', '达利园 好吃点.png', '{口味:[\"杏仁榛子\",\"海盐芝士\",\"威化巧克力\"]}', 29, 25, 0.86, 222, 1, '2022-04-19 11:42:06', '2022-02-28 21:09:03');
INSERT INTO `tb_product_sku` VALUES ('46', '42', '夹心饼干 单盒', '奥利奥（Oreo）夹心饼干2.png', '{口味:[\"草莓\"],包装:[\"新包装\",\"老包装\"]}', 19, 18, 0.96, 333, 1, '2022-04-19 12:35:27', '2022-02-28 21:09:03');
INSERT INTO `tb_product_sku` VALUES ('47', '43', '威化饼干 单盒', '奥利奥（Oreo）威化饼干2.png', '{口味:[\"草莓\",\"白巧克力\",\"黑巧克力\"],包装:[\"新包装\",\"老包装\"]}', 25, 20, 0.80, 322, 1, '2022-04-19 12:35:27', '2022-02-28 21:09:03');
INSERT INTO `tb_product_sku` VALUES ('48', '44', '元气满满装', '雀巢(Nestle) 脆脆鲨威化饼干2.png', '{口味:[\"草莓\",\"巧克力味800g\",\"牛奶味800g\",\"巧克力味300g\"]}', 34, 23, 0.50, 220, 1, '2022-04-19 12:35:27', '2022-04-19 18:15:07');
INSERT INTO `tb_product_sku` VALUES ('49', '44', '甜蜜分享装', '雀巢(Nestle) 脆脆鲨威化饼干2.png', '{口味:[\"草莓\",\"巧克力味800g”,\"牛奶味800g\",\"巧克力味300g\"]}', 56, 48, 0.56, 223, 1, '2022-04-19 12:35:27', '2022-04-19 18:07:51');
INSERT INTO `tb_product_sku` VALUES ('5', '19', '加力加 100g', 'jlj_1.png', '{口味:[\"原味\",\"微辣\",\"BT\"]}', 3, 2, 0.50, 999, 1, NULL, NULL);
INSERT INTO `tb_product_sku` VALUES ('50', '45', '甜蜜分享装', '嘉顿（Garden） 威化饼干3.png', '{口味:[\"草莓\",\"巧克力味800g”,\"牛奶味800g\",\"巧克力味300g\"]}', 56, 48, 0.56, 223, 1, '2022-04-19 12:35:27', '2022-02-28 21:09:03');
INSERT INTO `tb_product_sku` VALUES ('51', '45', '元气满满装', '嘉顿（Garden） 威化饼干3.png', '{口味:[\"草莓\",\"巧克力味800g\",\"牛奶味800g\",\"巧克力味300g\"]}', 34, 23, 0.50, 223, 1, '2022-04-19 12:35:27', '2022-02-28 21:09:03');
INSERT INTO `tb_product_sku` VALUES ('6', '20', '加力加 100g', 'jlj_1.png', '{口味:[\"原味\",\"微辣\",\"BT\"]}', 3, 2, 0.50, 999, 1, NULL, NULL);
INSERT INTO `tb_product_sku` VALUES ('7', '21', '加力加 100g', 'jlj_1.png', '{口味:[\"原味\",\"微辣\",\"BT\"]}', 3, 2, 0.50, 999, 1, NULL, NULL);
INSERT INTO `tb_product_sku` VALUES ('8', '22', '加力加 100g', 'jlj_1.png', '{口味:[\"原味\",\"微辣\",\"BT\"]}', 3, 2, 0.50, 999, 1, NULL, NULL);
INSERT INTO `tb_product_sku` VALUES ('9', '23', '加力加 100g', 'jlj_1.png', '{口味:[\"原味\",\"微辣\",\"BT\"]}', 3, 2, 0.50, 999, 1, NULL, NULL);

-- ----------------------------
-- Table structure for tb_shopping_cart
-- ----------------------------
DROP TABLE IF EXISTS `tb_shopping_cart`;
CREATE TABLE `tb_shopping_cart`  (
  `cart_id` int(11) NOT NULL AUTO_INCREMENT COMMENT '主键',
  `product_id` varchar(32) CHARACTER SET utf8 COLLATE utf8_general_ci NOT NULL COMMENT '商品ID',
  `sku_id` varchar(32) CHARACTER SET utf8 COLLATE utf8_general_ci NOT NULL COMMENT 'skuID',
  `user_id` int(32) NOT NULL COMMENT '用户ID',
  `cart_num` varchar(32) CHARACTER SET utf8 COLLATE utf8_general_ci NOT NULL COMMENT '购物车商品数量',
  `product_price` decimal(32, 8) DEFAULT NULL COMMENT '添加购物车时商品价格',
  `sku_props` varchar(255) CHARACTER SET utf8 COLLATE utf8_general_ci DEFAULT NULL COMMENT '选择的套餐的属性',
  `create_time` varchar(32) CHARACTER SET utf8 COLLATE utf8_general_ci NOT NULL COMMENT '添加购物车时间',
  `update_time` datetime(0) DEFAULT NULL COMMENT '更新时间',
  PRIMARY KEY (`cart_id`) USING BTREE
) ENGINE = InnoDB AUTO_INCREMENT = 33 CHARACTER SET = utf8 COLLATE = utf8_general_ci COMMENT = '购物车 ' ROW_FORMAT = Compact;

-- ----------------------------
-- Table structure for tb_user_addr
-- ----------------------------
DROP TABLE IF EXISTS `tb_user_addr`;
CREATE TABLE `tb_user_addr`  (
  `addr_id` int(64) NOT NULL AUTO_INCREMENT COMMENT '地址主键id',
  `user_id` int(64) NOT NULL COMMENT '用户ID',
  `receiver_name` varchar(32) CHARACTER SET utf8 COLLATE utf8_general_ci NOT NULL COMMENT '收件人姓名',
  `receiver_mobile` varchar(32) CHARACTER SET utf8 COLLATE utf8_general_ci NOT NULL COMMENT '收件人手机号',
  `post_code` varchar(32) CHARACTER SET utf8 COLLATE utf8_general_ci DEFAULT NULL COMMENT '邮编',
  `province_name` varchar(15) CHARACTER SET utf8 COLLATE utf8_general_ci DEFAULT NULL COMMENT '省-名称',
  `province_code` char(6) CHARACTER SET utf8 COLLATE utf8_general_ci DEFAULT NULL COMMENT '省-行政代号',
  `city_name` varchar(15) CHARACTER SET utf8 COLLATE utf8_general_ci DEFAULT NULL COMMENT '市-名称',
  `city_code` char(6) CHARACTER SET utf8 COLLATE utf8_general_ci DEFAULT NULL COMMENT '市-行政代号',
  `area_name` varchar(15) CHARACTER SET utf8 COLLATE utf8_general_ci DEFAULT NULL COMMENT '区-名称',
  `area_code` char(6) CHARACTER SET utf8 COLLATE utf8_general_ci DEFAULT NULL COMMENT '区-行政代号',
  `address` varchar(50) CHARACTER SET utf8 COLLATE utf8_general_ci DEFAULT NULL COMMENT '详细地址',
  `status` int(11) DEFAULT NULL COMMENT '状态,1正常，0无效',
  `common_addr` int(11) DEFAULT NULL COMMENT '是否默认地址 1是 1:是  0:否',
  `create_time` datetime(0) DEFAULT NULL COMMENT '创建时间',
  `update_time` datetime(0) DEFAULT NULL COMMENT '更新时间',
  PRIMARY KEY (`addr_id`) USING BTREE
) ENGINE = InnoDB AUTO_INCREMENT = 13 CHARACTER SET = utf8 COLLATE = utf8_general_ci COMMENT = '用户地址 ' ROW_FORMAT = Compact;

-- ----------------------------
-- Records of tb_user_addr
-- ----------------------------
INSERT INTO `tb_user_addr` VALUES (1, 1, '张三', '13030303300', '421000', '北京市', '110000', '市辖区', '110100', '西城区', '110102', '132', 1, 1, NULL, '2022-03-01 14:48:09');
INSERT INTO `tb_user_addr` VALUES (2, 1, '小丽', '13131313311', '410000', '河北省', '130000', '秦皇岛市', '130300', '海港区', '130302', '富饶村', 1, 0, NULL, '2022-03-01 19:36:59');
INSERT INTO `tb_user_addr` VALUES (3, 6, '韩梅梅', '13232323322', '430000', '河北省', '130000', '唐山市', '130200', '路北区', '130203', '22', 1, 1, NULL, NULL);
INSERT INTO `tb_user_addr` VALUES (7, 1, '许久龙', '17704220243', NULL, '辽宁省', '210000', '沈阳市', '210100', '于洪区', '210114', '马三家金马新村静园食府烤鸭店', 1, 0, '2022-03-01 19:36:33', '2022-03-01 19:36:33');

-- ----------------------------
-- Table structure for tb_users
-- ----------------------------
DROP TABLE IF EXISTS `tb_users`;
CREATE TABLE `tb_users`  (
  `user_id` int(128) NOT NULL AUTO_INCREMENT COMMENT '主键id ',
  `username` varchar(32) CHARACTER SET utf8 COLLATE utf8_general_ci NOT NULL COMMENT '用户名',
  `password` varchar(64) CHARACTER SET utf8 COLLATE utf8_general_ci NOT NULL COMMENT '密码',
  `nickname` varchar(32) CHARACTER SET utf8 COLLATE utf8_general_ci DEFAULT NULL COMMENT '昵称',
  `realname` varchar(128) CHARACTER SET utf8 COLLATE utf8_general_ci DEFAULT NULL COMMENT '真实姓名',
  `user_img` varchar(1024) CHARACTER SET utf8 COLLATE utf8_general_ci NOT NULL COMMENT '头像',
  `user_mobile` varchar(32) CHARACTER SET utf8 COLLATE utf8_general_ci DEFAULT NULL COMMENT '手机号 手机号',
  `user_email` varchar(32) CHARACTER SET utf8 COLLATE utf8_general_ci DEFAULT NULL COMMENT '邮箱地址',
  `user_sex` char(1) CHARACTER SET utf8 COLLATE utf8_general_ci DEFAULT NULL COMMENT '性别 M(男) or F(女)',
  `create_time` datetime(0) DEFAULT NULL COMMENT '创建时间',
  `update_time` datetime(0) DEFAULT NULL COMMENT '更新时间',
  PRIMARY KEY (`user_id`) USING BTREE
) ENGINE = InnoDB AUTO_INCREMENT = 61 CHARACTER SET = utf8 COLLATE = utf8_general_ci COMMENT = '用户 ' ROW_FORMAT = Compact;

-- ----------------------------
-- Records of tb_users
-- ----------------------------
INSERT INTO `tb_users` VALUES (1, 'zhangsan', 'f379eaf3c831b04de153469d1bec345e', '张三', NULL, 'img/default.png', NULL, NULL, NULL, '2021-04-15 16:10:53', '2021-04-15 16:10:53');
INSERT INTO `tb_users` VALUES (2, 'lishi', 'f379eaf3c831b04de153469d1bec345e', '李四', NULL, 'img/default.png', NULL, NULL, NULL, '2021-04-15 16:10:53', '2021-04-15 16:10:53');
INSERT INTO `tb_users` VALUES (3, 'wangwu', 'f379eaf3c831b04de153469d1bec345e', '王五', NULL, 'img/default.png', NULL, NULL, NULL, '2021-04-15 16:10:53', '2021-04-15 16:10:53');
INSERT INTO `tb_users` VALUES (4, 'goudan', 'f379eaf3c831b04de153469d1bec345e', '狗蛋', NULL, 'img/default.png', NULL, NULL, NULL, '2021-04-15 16:10:53', '2021-04-15 16:10:53');
INSERT INTO `tb_users` VALUES (5, 'tiezhu', 'f379eaf3c831b04de153469d1bec345e', '铁柱', NULL, 'img/default.png', NULL, NULL, NULL, '2021-04-15 16:10:53', '2021-04-15 16:10:53');
INSERT INTO `tb_users` VALUES (6, 'xiaodaidai', 'f379eaf3c831b04de153469d1bec345e', '小呆呆', NULL, 'img/default.png', NULL, NULL, NULL, '2021-04-15 16:10:53', '2021-04-15 16:10:53');
INSERT INTO `tb_users` VALUES (7, 'zhuzhu', 'f379eaf3c831b04de153469d1bec345e', '猪猪', NULL, 'img/default.png', NULL, NULL, NULL, '2021-04-15 16:10:53', '2021-04-15 16:10:53');
INSERT INTO `tb_users` VALUES (8, 'tuoni', 'f379eaf3c831b04de153469d1bec345e', '托尼', NULL, 'img/default.png', NULL, NULL, NULL, '2021-04-15 16:10:53', '2021-04-15 16:10:53');
INSERT INTO `tb_users` VALUES (61, '77777777', 'e10adc3949ba59abbe56e057f20f883e', NULL, NULL, 'img/default.png', NULL, NULL, NULL, '2022-02-22 18:14:54', '2022-02-22 18:14:54');

SET FOREIGN_KEY_CHECKS = 1;
